iata,name,city,country_code,size_rank
AAC,El Arish International Airport,El Arish,EG,0
AAE,Annaba Rabah Bitat Airport,Annaba,DZ,0
AAL,Aalborg Airport,Aalborg,DK,0
AAN,Al Ain International Airport,Al Ain,AE,0
AAR,Aarhus Airport,Aarhus,DK,0
ABA,Abakan International Airport,Abakan,RU,0
ABB,Asaba International Airport,Asaba,NG,0
ABD,Abadan Ayatollah Jami International Airport,Abadan,IR,0
ABJ,Félix-Houphouët-Boigny International Airport,Abidjan,CI,0
ABQ,Albuquerque International Sunport,Albuquerque,US,0
ABV,Nnamdi Azikiwe International Airport,Abuja,NG,0
ABZ,Aberdeen International Airport,Aberdeen,GB,0
ACA,General Juan N. Álvarez International Airport,Acapulco,MX,0
ACC,Kotoka International Airport,Accra,GH,0
ACE,César Manrique-Lanzarote Airport,San Bartolomé,ES,0
ADB,Adnan Menderes International Airport,Gaziemir,TR,0
ADD,Addis Ababa Bole International Airport,Addis Ababa,ET,0
ADE,Aden International Airport,Aden,YE,0
ADJ,Marka International (Amman Civil) Airport,Amman,JO,0
ADL,Adelaide International Airport,Adelaide,AU,0
ADZ,Gustavo Rojas Pinilla International Airport,San Andrés,CO,0
AEP,Aeroparque Jorge Newbery,Buenos Aires,AR,0
AER,Sochi International Airport,Sochi,RU,0
AES,Ålesund Airport,Ålesund,NO,0
AEY,Akureyri International Airport,Akureyri,IS,0
AGA,Al Massira Airport,Agadir (Temsia),MA,0
AGP,Málaga-Costa del Sol Airport,Málaga,ES,0
AGT,Guaraní International Airport,Ciudad del Este,PY,0
AGU,Aguascalientes International Airport,Aguascalientes,MX,0
AHB,Abha International Airport,Abha,SA,0
AJF,Al-Jawf International Airport,Al-Jawf,SA,0
AKL,Auckland International Airport,Auckland,NZ,0
AKX,Aktobe International Airport,Aktobe,KZ,0
ALA,Almaty International Airport,Almaty,KZ,0
ALB,Albany International Airport,Albany,US,0
ALC,Alicante-Elche Miguel Hernández Airport,Alicante,ES,0
ALG,Houari Boumediene Airport,Algiers,DZ,0
ALP,Aleppo International Airport,Aleppo,SY,0
AMD,Sardar Vallabh Patel International Airport,Ahmedabad,IN,0
AMM,Queen Alia International Airport,Amman,JO,0
AMQ,Pattimura International Airport,Ambon,ID,0
AMS,Amsterdam Airport Schiphol,Amsterdam,NL,0
ANC,Ted Stevens Anchorage International Airport,Anchorage,US,0
ANF,Andrés Sabella Gálvez International Airport,Antofagasta,CL,0
ANU,V. C. Bird International Airport,Osbourn,AG,0
AOE,Hasan Polatkan Airport,Eskişehir,TR,0
AOJ,Aomori Airport,Aomori,JP,0
APL,Nampula Airport,Nampula,MZ,0
APW,Faleolo International Airport,Apia,WS,0
AQI,Qaisumah–Hafar Al-Batin International Airport,Qaisumah,SA,0
AQJ,King Hussein International Airport,Aqaba,JO,0
AQP,Rodríguez Ballón International Airport,Arequipa,PE,0
ARN,Stockholm-Arlanda Airport,Stockholm,SE,0
ASB,Ashgabat International Airport,Ashgabat,TM,0
ASF,Astrakhan Narimanovo Boris M. Kustodiev International Airport,Astrakhan,RU,0
ASR,Kayseri Erkilet International Airport,Kayseri,TR,0
ASU,Silvio Pettirossi International Airport,Asunción,PY,0
ASW,Aswan International Airport,Aswan,EG,0
ATH,Athens Eleftherios Venizelos International Airport,Spata-Artemida,GR,0
ATL,Hartsfield Jackson Atlanta International Airport,Atlanta,US,0
ATQ,Sri Guru Ram Das Ji International Airport,Amritsar,IN,0
ATZ,Asyut International Airport,Asyut,EG,0
AUA,Queen Beatrix International Airport,Oranjestad,AW,0
AUH,Zayed International Airport,Abu Dhabi,AE,0
AUS,Austin Bergstrom International Airport,Austin,US,0
AVV,Melbourne Avalon International Airport,Geelong/Melbourne,AU,0
AWA,Hawassa International Airport,Hawassa,ET,0
AWZ,Qasem Soleimani International Airport,Ahvaz,IR,0
AYT,Antalya International Airport,Antalya,TR,0
BAH,Bahrain International Airport,Manama,BH,0
BAQ,Ernesto Cortissoz International Airport,Barranquilla,CO,0
BAV,Baotou Donghe International Airport,Baotou,CN,0
BAX,Barnaul Gherman Titov International Airport,Barnaul,RU,0
BBI,Biju Patnaik International Airport,Bhubaneswar,IN,0
BBK,Kasane International Airport,Kasane,BW,0
BBU,Bucharest Băneasa Aurel Vlaicu International Airport,Bucharest,RO,0
BCD,Bacolod-Silay International Airport,Bacolod City,PH,0
BCM,Bacău George Enescu International  Airport,Bacău,RO,0
BCN,Josep Tarradellas Barcelona-El Prat Airport,Barcelona,ES,0
BCU,Sir Abubakar Tafawa Balewa Bauchi State International Airport,Bauchi,NG,0
BDA,L.F. Wade International Airport,Hamilton,BM,0
BDJ,Syamsudin Noor International Airport,Banjarbaru,ID,0
BDL,Bradley International Airport,Hartford,US,0
BDQ,Vadodara International Airport,Vadodara,IN,0
BDS,Brindisi Airport,Brindisi,IT,0
BEG,Belgrade Nikola Tesla Airport,Belgrade,RS,0
BEL,Val de Cans/Júlio Cezar Ribeiro International Airport,Belém,BR,0
BEM,Beni Mellal Airport,Oulad Yaich,MA,0
BEN,Benina International Airport,Benina,LY,0
BER,Berlin Brandenburg Airport,Berlin,DE,0
BES,Brest Bretagne airport,Brest,FR,0
BEW,Beira International Airport,Beira,MZ,0
BEY,Beirut Rafic Hariri International Airport,Beirut,LB,0
BFN,Bram Fischer International Airport,Bloemfontein,ZA,0
BFS,Belfast International Airport,Belfast,GB,0
BGF,Bangui M'Poko International Airport,Bangui,CF,0
BGI,Grantley Adams International Airport,Bridgetown,BB,0
BGO,"Bergen Airport, Flesland",Bergen,NO,0
BGW,Baghdad International Airport / New Al Muthana Air Base,Baghdad,IQ,0
BGY,Il Caravaggio International Airport,Orio al Serio (BG),IT,0
BHK,Bukhara International Airport,Bukhara,UZ,0
BHM,Birmingham-Shuttlesworth International Airport,Birmingham,US,0
BHO,Raja Bhoj International Airport,Bhopal,IN,0
BHX,Birmingham Airport,"Birmingham, West Midlands",GB,0
BIA,Bastia-Poretta International airport,Bastia,FR,0
BIO,Bilbao Airport,Bilbao,ES,0
BJA,Soummam–Abane Ramdane Airport,Béjaïa,DZ,0
BJL,Banjul International Airport,Banjul (Yundum),GM,0
BJM,Bujumbura Melchior Ndadaye International Airport,Bujumbura,BI,0
BJV,Milas Bodrum International Airport,Bodrum,TR,0
BJX,Guanajuato International Airport,Silao,MX,0
BKI,Kota Kinabalu International Airport,Kota Kinabalu,MY,0
BKK,Suvarnabhumi Airport,Bangkok,TH,0
BKO,Modibo Keita International Airport,Bamako,ML,0
BLA,General José Antonio Anzoategui International Airport,Barcelona,VE,0
BLJ,Batna Mostefa Ben Boulaid Airport,Batna,DZ,0
BLL,Billund Airport,Billund,DK,0
BLQ,Bologna Guglielmo Marconi Airport,Bologna,IT,0
BLR,Kempegowda International Airport Bengaluru,Bengaluru,IN,0
BLZ,Chileka International Airport,Blantyre,MW,0
BME,Broome International Airport,Broome,AU,0
BNA,Nashville International Airport,Nashville,US,0
BND,Bandar Abbas International Airport,Bandar Abbas,IR,0
BNE,Brisbane International Airport,Brisbane,AU,0
BNX,Banja Luka International Airport,Mahovljani,BA,0
BOD,Bordeaux–Mérignac Airport,Bordeaux,FR,0
BOG,El Dorado International Airport,Bogota,CO,0
BOI,Boise Air Terminal/Gowen Field,Boise,US,0
BOJ,Burgas Airport,Burgas,BG,0
BOM,Chhatrapati Shivaji Maharaj International Airport,Mumbai,IN,0
BON,Flamingo International Airport,Kralendijk,BQ,0
BOO,Bodø Airport,Bodø,NO,0
BOS,Boston Logan International Airport,Boston,US,0
BOY,Bobo Dioulasso Airport,Bobo Dioulasso,BF,0
BPN,Sultan Aji Muhammad Sulaiman Sepinggan International Airport,Balikpapan,ID,0
BPS,Porto Seguro International Airport,Porto Seguro,BR,0
BQT,Brest International Airport,Brest,BY,0
BRC,Teniente Luis Candelaria International Airport,San Carlos de Bariloche,AR,0
BRE,Bremen Airport,Bremen,DE,0
BRI,Bari Karol Wojtyła International Airport,Bari,IT,0
BRM,Jacinto Lara International Airport,Barquisimeto,VE,0
BRS,Bristol Airport,Bristol,GB,0
BRU,Brussels Airport,Zaventem,BE,0
BSA,Bender Qassim International Airport,Bosaso,SO,0
BSB,Presidente Juscelino Kubitschek International Airport,Brasília,BR,0
BSG,Bata International Airport,Bata,GQ,0
BSK,Biskra - Mohamed Khider Airport,Biskra,DZ,0
BSL,EuroAirport Basel–Mulhouse–Freiburg,Bâle / Mulhouse,FR,0
BSR,Basra International Airport,Basra,IQ,0
BSZ,Manas International Airport,Bishkek,KG,0
BTH,Hang Nadim International Airport,Batam,ID,0
BTJ,Sultan Iskandar Muda International Airport,Banda Aceh,ID,0
BTS,M. R. Štefánik Airport,Bratislava,SK,0
BUD,Budapest Liszt Ferenc International Airport,Budapest,HU,0
BUF,Buffalo Niagara International Airport,Buffalo,US,0
BUQ,Joshua Mqabuko Nkomo International Airport,Bulawayo,ZW,0
BUR,Hollywood Burbank/Bob Hope Airport,Burbank,US,0
BUS,Alexander Kartveli Batumi International Airport,Batumi,GE,0
BVA,Beauvais-Tillé airport,Beauvais,FR,0
BVB,Atlas Brasil Cantanhede International Airport,Boa Vista,BR,0
BVC,Aristides Pereira International Airport,Rabil,CV,0
BWA,Gautam Buddha International Airport,Siddharthanagar (Bhairahawa),NP,0
BWI,Baltimore/Washington International Thurgood Marshall Airport,Baltimore,US,0
BWN,Brunei International Airport,Bandar Seri Begawan,BN,0
BXY,Baikonur Krayniy International Airport,Baikonur,KZ,0
BZE,Philip S. W. Goldson International Airport,Belize City,BZ,0
BZV,Maya-Maya International Airport,Brazzaville,CG,0
CAG,Cagliari Elmas Airport,Cagliari,IT,0
CAI,Cairo International Airport,Cairo,EG,0
CAN,Guangzhou Baiyun International Airport,Guangzhou (Huadu),CN,0
CAP,Cap Haitien International Airport,Cap Haitien,HT,0
CAY,Cayenne – Félix Eboué Airport,Matoury,GF,0
CBB,Jorge Wilsterman International Airport,Cochabamba,BO,0
CCJ,Calicut International Airport,Calicut,IN,0
CCK,Cocos (Keeling) Islands Airport,West Island,CC,0
CCP,Carriel Sur International Airport,Concepcion,CL,0
CCS,Maiquetía Simón Bolívar International Airport,Maiquetía,VE,0
CCU,Netaji Subhash Chandra Bose International Airport,Kolkata,IN,0
CDG,Charles de Gaulle International Airport,"Paris (Roissy-en-France, Val-d'Oise)",FR,0
CEB,Mactan Cebu International Airport,Cebu City/Lapu-Lapu City,PH,0
CEI,Mae Fah Luang - Chiang Rai International Airport,Chiang Rai,TH,0
CEK,Kurchatov Chelyabinsk International Airport,Chelyabinsk,RU,0
CFE,Clermont-Ferrand Auvergne airport,Clermont-Ferrand,FR,0
CFK,Chlef Aboubakr Belkaid International Airport,Chlef,DZ,0
CFU,Corfu Ioannis Kapodistrias International Airport,Kerkyra (Corfu),GR,0
CGB,Várzea Grande–Marechal Rondon International Airport,Cuiabá,BR,0
CGH,Congonhas–Deputado Freitas Nobre Airport,São Paulo,BR,0
CGK,Soekarno-Hatta International Airport,Jakarta,ID,0
CGN,Cologne Bonn Airport,Köln (Cologne),DE,0
CGO,Zhengzhou Xinzheng International Airport,Zhengzhou,CN,0
CGP,Shah Amanat International Airport,Chattogram (Chittagong),BD,0
CGQ,Changchun Longjia International Airport,Changchun,CN,0
CGY,Laguindingan International Airport,Laguindingan,PH,0
CHC,Christchurch International Airport,Christchurch,NZ,0
CHQ,Chania International Airport,Souda,GR,0
CHS,Charleston International Airport,Charleston,US,0
CIA,Ciampino–G. B. Pastine International Airport,Rome,IT,0
CIT,Shymkent International Airport,Shymkent,KZ,0
CIX,Capitán FAP José A. Quiñones González International Airport,Chiclayo,PE,0
CJB,Coimbatore International Airport,Coimbatore,IN,0
CJJ,Cheongju International Airport/Cheongju Air Base (K-59/G-513),Cheongju,KR,0
CJS,Abraham González International Airport,Ciudad Juárez,MX,0
CJU,Jeju International Airport,Jeju City,KR,0
CKG,Chongqing Jiangbei International Airport,Chongqing,CN,0
CKY,Ahmed Sékou Touré International Airport,Conakry,GN,0
CLE,Cleveland Hopkins International Airport,Cleveland,US,0
CLJ,Avram Iancu Cluj International Airport,Cluj-Napoca,RO,0
CLO,Alfonso Bonilla Aragon International Airport,Cali,CO,0
CLT,Charlotte Douglas International Airport,Charlotte,US,0
CMB,Bandaranaike International Colombo Airport,Colombo,LK,0
CMH,John Glenn Columbus International Airport,Columbus,US,0
CMN,Mohammed V International Airport,Casablanca,MA,0
CMW,Ignacio Agramonte International Airport,Camaguey,CU,0
CND,Mihail Kogălniceanu International Airport,Constanța,RO,0
CNF,Tancredo Neves International Airport,Belo Horizonte,BR,0
CNN,Kannur International Airport,Kannur,IN,0
CNS,Cairns International Airport,Cairns,AU,0
CNX,Chiang Mai International Airport,Chiang Mai,TH,0
COK,Cochin International Airport,Kochi,IN,0
COO,Cotonou Cadjehoun International Airport,Cotonou,BJ,0
COR,Ingeniero Aeronáutico Ambrosio L.V. Taravella International Airport,Cordoba,AR,0
COS,City of Colorado Springs Municipal Airport,Colorado Springs,US,0
COV,Çukurova International Airport,Tarsus,TR,0
CPH,Copenhagen Kastrup Airport,Copenhagen,DK,0
CPT,Cape Town International Airport,Cape Town,ZA,0
CRA,Craiova International Airport,Craiova,RO,0
CRD,General Enrique Mosconi International Airport,Comodoro Rivadavia,AR,0
CRK,Clark International Airport / Clark Air Base,Mabalacat,PH,0
CRL,Brussels South Charleroi Airport,Charleroi,BE,0
CRZ,Türkmenabat International Airport,Türkmenabat,TM,0
CSX,Changsha Huanghua International Airport,Changsha (Changsha),CN,0
CTA,Catania-Fontanarossa Airport,Catania,IT,0
CTG,Rafael Nuñez International Airport,Cartagena,CO,0
CTS,New Chitose Airport,Sapporo,JP,0
CTU,Chengdu Shuangliu International Airport,Chengdu (Shuangliu),CN,0
CUL,Bachigualato Federal International Airport,Culiacán,MX,0
CUN,Cancún International Airport,Cancún,MX,0
CUR,Hato International Airport,Willemstad,CW,0
CUU,General Roberto Fierro Villalobos International Airport,Chihuahua,MX,0
CUZ,Alejandro Velasco Astete International Airport,Cusco,PE,0
CVG,Cincinnati Northern Kentucky International Airport,Cincinnati / Covington,US,0
CWB,Curitiba-Afonso Pena International Airport,Curitiba,BR,0
CWL,Cardiff International Airport,Cardiff,GB,0
CXI,Cassidy International Airport,Kiritimati,KI,0
CXR,Cam Ranh International Airport / Cam Ranh Air Base,Nha Trang/nha Trang aiurportCam Ranh,VN,0
CZL,Mohamed Boudiaf International Airport,Constantine,DZ,0
CZM,Cozumel International Airport,Cozumel,MX,0
DAC,Hazrat Shahjalal International Airport,Dhaka,BD,0
DAD,Da Nang International Airport,Da Nang,VN,0
DAL,Dallas Love Field,Dallas,US,0
DAM,Damascus International Airport,Damascus,SY,0
DAR,Julius Nyerere International Airport,Dar es Salaam,TZ,0
DAT,Datong Yungang International Airport,Datong,CN,0
DBB,El Alamein International Airport,El Alamein,EG,0
DBV,Dubrovnik Ruđer Bošković Airport,Dubrovnik,HR,0
DCA,Ronald Reagan Washington National Airport,Washington,US,0
DEB,Debrecen International Airport,Debrecen,HU,0
DEL,Indira Gandhi International Airport,New Delhi,IN,0
DEN,Denver International Airport,Denver,US,0
DFW,Dallas Fort Worth International Airport,Dallas-Fort Worth,US,0
DIA,Doha International Airport,Doha,QA,0
DIL,Presidente Nicolau Lobato International Airport,Dili,TL,0
DIR,Aba Tenna Dejazmach Yilma International Airport,Dire Dawa,ET,0
DJE,Djerba Zarzis International Airport,Mellita,TN,0
DJG,Tiska Djanet Airport,Djanet,DZ,0
DJJ,Dortheys Hiyo Eluay International Airport,Sentani,ID,0
DJT,President Donald J. Trump International Airport,West Palm Beach,US,0
DLA,Douala International Airport,Douala,CM,0
DLC,Dalian Zhoushuizi International Airport,Dalian (Ganjingzi),CN,0
DLM,Dalaman International Airport,Dalaman,TR,0
DMB,Taraz International Airport,Taraz,KZ,0
DME,Domodedovo International Airport,Moscow,RU,0
DMK,Don Mueang International Airport,Bangkok,TH,0
DMM,King Fahd International Airport,Ad Dammam,SA,0
DNH,Dunhuang Mogao International Airport,Dunhuang,CN,0
DOH,Hamad International Airport,Doha,QA,0
DPS,Denpasar I Gusti Ngurah Rai International Airport,"Kuta, Badung",ID,0
DQM,Duqm International Airport,Duqm,OM,0
DRP,Bicol International Airport,Legazpi,PH,0
DRS,Dresden Airport,Dresden,DE,0
DRW,Darwin International Airport / RAAF Darwin,Darwin,AU,0
DSM,Des Moines International Airport,Des Moines,US,0
DSN,Ordos Ejin Horo International Airport,Ordos,CN,0
DSS,Blaise Diagne International Airport,Dakar,SN,0
DSY,Dara Sakor International Airport,Ta Noun,KH,0
DTM,Dortmund Airport,Dortmund,DE,0
DTW,Detroit Metropolitan Wayne County Airport,Detroit,US,0
DUB,Dublin Airport,Dublin,IE,0
DUR,King Shaka International Airport,Durban,ZA,0
DUS,Düsseldorf Airport,Düsseldorf,DE,0
DVO,Francisco Bangoy International Airport,Davao,PH,0
DWC,Al Maktoum International Airport,Dubai(Jebel Ali),AE,0
DXB,Dubai International Airport,Dubai,AE,0
DXN,Noida International Airport,Gautam Buddha Nagar,IN,0
DYG,Zhangjiajie Hehua International Airport,Zhangjiajie (Yongding),CN,0
DYU,Dushanbe International Airport,Dushanbe,TJ,0
DZA,Dzaoudzi Pamandzi International Airport,Dzaoudzi,YT,0
DZN,Zhezkazgan National Airport,Zhezkazgan,KZ,0
EBB,Entebbe International Airport,Entebbe,UG,0
EBL,Erbil International Airport,Arbil,IQ,0
ECN,Ercan International Airport,Tymbou (Kirklar),CY,0
EDI,Edinburgh Airport,"Ingliston, Edinburgh",GB,0
EDL,Eldoret International Airport,Eldoret,KE,0
EDO,Balıkesir Koca Seyit Airport,Edremit,TR,0
EHU,Ezhou Huahu International Airport,Ezhou,CN,0
EIN,Eindhoven Airport,Eindhoven,NL,0
EIS,Terrance B. Lettsome International Airport,Beef Island,VG,0
ELP,El Paso International Airport,El Paso,US,0
ELQ,Prince Naif bin Abdulaziz International Airport,Qassim,SA,0
ELS,King Phalo Airport,East London,ZA,0
EMA,East Midlands Airport,"Nottingham, Leicestershire",GB,0
ENO,Teniente Ramon A. Ayub Gonzalez International Airport,Encarnación,PY,0
ENU,Akanu Ibiam International Airport,Enegu,NG,0
ERF,Erfurt-Weimar Airport,Erfurt,DE,0
ESB,Esenboğa International Airport,Ankara,TR,0
ESM,Carlos Concha Torres International Airport,Tachina,EC,0
ETM,Ramon International Airport,Eilat,IL,0
EUN,Laayoune Hassan I International Airport,El Aaiún,EH,0
EVE,Harstad/Narvik Airport,Evenes,NO,0
EVN,Zvartnots International Airport,Yerevan,AM,0
EWR,Newark Liberty International Airport,Newark,US,0
EZE,Ezeiza International Airport - Ministro Pistarini,Buenos Aires (Ezeiza),AR,0
FAE,Vágar Airport,Vágar,FO,0
FAO,Faro - Gago Coutinho International Airport,Faro,PT,0
FAT,Fresno Yosemite International Airport,Fresno,US,0
FBM,Lubumbashi International Airport,Lubumbashi,CD,0
FCO,Rome–Fiumicino Leonardo da Vinci International Airport,Rome,IT,0
FDF,Martinique Aimé Césaire International Airport,Fort-de-France,MQ,0
FDH,Bodensee Airport Friedrichshafen,Friedrichshafen,DE,0
FEZ,Fes Saïss International Airport,Saïss,MA,0
FIH,Ndjili International Airport,Kinshasa,CD,0
FJR,Fujairah International Airport,Fujairah,AE,0
FKB,Karlsruhe Baden-Baden Airport,Rheinmünster,DE,0
FKI,Bangoka International Airport,Kisangani,CD,0
FLL,Fort Lauderdale Hollywood International Airport,Fort Lauderdale,US,0
FLN,Hercílio Luz International Airport,Florianópolis,BR,0
FLR,"Florence Airport, Peretola",Firenze (FI),IT,0
FMM,Memmingen Allgau Airport,Memmingen,DE,0
FMO,Münster Osnabrück Airport,Greven,DE,0
FNA,Lungi International Airport,Freetown (Lungi-Town),SL,0
FNC,Cristiano Ronaldo International Airport,Funchal,PT,0
FNJ,Pyongyang Sunan International Airport,Pyongyang,KP,0
FOC,Fuzhou Changle International Airport,Fuzhou (Changle),CN,0
FOR,Pinto Martins International Airport,Fortaleza,BR,0
FPO,Grand Bahama International Airport,Freeport,BS,0
FRA,Frankfurt Main Airport,Frankfurt am Main,DE,0
FRW,Phillip Gaonwe Matante International Airport,Francistown,BW,0
FSC,Figari Sud-Corse Airport,Figari,FR,0
FSZ,Mount Fuji Shizuoka Airport,Makinohara / Shimada,JP,0
FUE,Fuerteventura Airport,El Matorral,ES,0
FUK,Fukuoka Airport,Fukuoka,JP,0
GAN,Gan International Airport,Gan,MV,0
GAU,Lokpriya Gopinath Bordoloi International Airport,Guwahati,IN,0
GBE,Sir Seretse Khama International Airport,Gaborone,BW,0
GCM,Owen Roberts International Airport,George Town,KY,0
GDL,Guadalajara International Airport,Guadalajara,MX,0
GDN,Gdańsk Lech Wałęsa Airport,Gdańsk,PL,0
GEG,Spokane International Airport,Spokane,US,0
GEO,Cheddi Jagan International Airport,Georgetown,GY,0
GES,General Santos International Airport,General Santos,PH,0
GHV,Brașov-Ghimbav International Airport,Brașov (Ghimbav),RO,0
GIB,Gibraltar Airport,Gibraltar,GI,0
GIG,Rio de Janeiro Galeão – Tom Jobim International Airport,Rio De Janeiro,BR,0
GJL,Jijel Ferhat Abbas Airport,Tahir,DZ,0
GLA,Glasgow Airport,Glasgow,GB,0
GMP,Seoul Gimpo International Airport,Seoul,KR,0
GND,Maurice Bishop International Airport,Saint George's,GD,0
GNJ,Ganja International Airport,Ganja,AZ,0
GNY,Şanlıurfa GAP Airport,Şanlıurfa,TR,0
GOA,Genoa Cristoforo Colombo Airport,Genova (GE),IT,0
GOH,Nuuk International Airport,Nuuk,GL,0
GOI,Goa Dabolim International Airport,Vasco da Gama,IN,0
GOJ,Nizhny Novgorod / Strigino International Airport,Nizhny Novgorod,RU,0
GOM,Goma International Airport,Goma,CD,0
GOT,Göteborg Landvetter Airport,Göteborg,SE,0
GOU,Garoua International Airport,Garoua,CM,0
GOX,Manohar International Airport,Mopa,IN,0
GRJ,George Airport,George,ZA,0
GRO,Girona-Costa Brava Airport,Girona,ES,0
GRQ,Groningen Airport Eelde,Groningen,NL,0
GRR,Gerald R. Ford International Airport,Grand Rapids,US,0
GRU,São Paulo/Guarulhos–Governor André Franco Montoro International Airport,São Paulo,BR,0
GRV,Akhmat Kadyrov Grozny International Airport,Grozny,RU,0
GRZ,Graz Airport,Feldkirchen bei Graz,AT,0
GSM,Qeshm International Airport,Qeshm(Dayrestan),IR,0
GSO,Piedmont Triad International Airport,Greensboro,US,0
GSV,Gagarin International Airport,Saratov,RU,0
GUA,La Aurora International Airport,Guatemala City,GT,0
GUM,Antonio B. Won Pat International Airport,Hagåtña,GU,0
GUW,Atyrau International Airport,Atyrau,KZ,0
GVA,Geneva International Airport,Geneva,CH,0
GWD,New Gwadar International Airport,Gurandani,PK,0
GXF,Seiyun Hadhramaut International Airport,Seiyun,YE,0
GYD,Heydar Aliyev International Airport,Baku,AZ,0
GYE,José Joaquín de Olmedo International Airport,Guayaquil,EC,0
GYN,Santa Genoveva International Airport,Goiânia,BR,0
GZT,Gaziantep Oğuzeli International Airport,Gaziantep,TR,0
HAH,Prince Said Ibrahim International Airport,Moroni,KM,0
HAJ,Hannover Airport,Hannover,DE,0
HAK,Haikou Meilan International Airport,Haikou (Meilan),CN,0
HAM,Hamburg Helmut Schmidt Airport,Hamburg,DE,0
HAN,Noi Bai International Airport,Hanoi (Soc Son),VN,0
HAQ,Hanimaadhoo International Airport,Haa Dhaalu Atoll,MV,0
HAS,Hail International Airport,Hail,SA,0
HAV,José Martí International Airport,Havana,CU,0
HBA,Hobart International Airport,Hobart (Cambridge),AU,0
HBE,Alexandria International Airport,Alexandria,EG,0
HDY,Hat Yai International Airport,Hat Yai,TH,0
HEA,Herat - Khwaja Abdullah Ansari International Airport,Guzara,AF,0
HEL,Helsinki Vantaa Airport,Helsinki (Vantaa),FI,0
HER,Heraklion International Nikos Kazantzakis Airport,Heraklion,GR,0
HET,Hohhot Baita International Airport,Hohhot,CN,0
HFE,Hefei Xinqiao International Airport,Hefei,CN,0
HGA,Egal International Airport,Hargeisa,SO,0
HGH,Hangzhou Xiaoshan International Airport,Hangzhou,CN,0
HHN,Frankfurt-Hahn Airport,Frankfurt am Main (Lautzenhausen),DE,0
HIA,Huai'an Lianshui Airport,Huai'an,CN,0
HIJ,Hiroshima Airport,Hiroshima,JP,0
HIR,Honiara International Airport,Honiara,SB,0
HKD,Hakodate Airport,Hakodate,JP,0
HKG,Hong Kong International Airport,Hong Kong,HK,0
HKT,Phuket International Airport,Phuket,TH,0
HLA,Lanseria International Airport,Johannesburg,ZA,0
HLD,Hulunbuir Hailar Airport,Hailar,CN,0
HLP,Halim Perdanakusuma International Airport,Jakarta,ID,0
HMB,Suhaj International Airport,Suhaj,EG,0
HMO,General Ignacio L. Pesqueira International Airport,Hermosillo,MX,0
HND,Tokyo Haneda International Airport,Tokyo,JP,0
HNL,Daniel K. Inouye International Airport,"Honolulu, Oahu",US,0
HOF,Al-Ahsa International Airport,Hofuf,SA,0
HOG,Frank Pais International Airport,Holguin,CU,0
HOU,William P. Hobby Airport,Houston,US,0
HPH,Cat Bi International Airport,Haiphong (Hai An),VN,0
HRB,Harbin Taiping International Airport,Harbin,CN,0
HRE,Robert Gabriel Mugabe International Airport,Harare,ZW,0
HRG,Hurghada International Airport,Hurghada,EG,0
HSA,Hazrat Sultan International Airport,Turkıstan,KZ,0
HSG,Kyushu Saga International Airport,Saga,JP,0
HSN,Zhoushan Putuoshan International Airport,Zhoushan,CN,0
HSR,Rajkot International Airport,Rajkot,IN,0
HSS,Maharaja Agrasen International Airport,Hisar,IN,0
HTA,Chita-Kadala International Airport,Chita,RU,0
HUI,Phu Bai International Airport,Huế,VN,0
HUN,Hualien Chiashan Airport,Hualien City,TW,0
HUX,Bahías de Huatulco International Airport,Huatulco,MX,0
HWR,Halwara International Airport,Halwara,IN,0
HYD,Rajiv Gandhi International Airport,Hyderabad,IN,0
IAD,Washington Dulles International Airport,Dulles,US,0
IAH,George Bush Intercontinental Airport,Houston,US,0
IAR,Golden Ring Yaroslavl International Airport,Tunoshna,RU,0
IAS,Iaşi International Airport,Iaşi,RO,0
IBR,Ibaraki Airport,Omitama,JP,0
IBZ,Ibiza Airport,Ibiza (Eivissa),ES,0
ICN,Incheon International Airport,Seoul,KR,0
IDR,Devi Ahilya Bai Holkar International Airport,Indore,IN,0
IFN,Isfahan Shahid Beheshti International Airport,Isfahan,IR,0
IGU,Cataratas International Airport,Foz do Iguaçu,BR,0
IKA,Imam Khomeini International Airport,Tehran,IR,0
IKT,Irkutsk International Airport,Irkutsk,RU,0
IKU,Issyk-Kul International Airport,Tamchy,KG,0
ILO,Iloilo International Airport,Cabatuan,PH,0
ILR,General Tunde Idiagbon International Airport,Ilorin/Ogbomosho,NG,0
IMF,Bir Tikendrajit International Airport,Imphal,IN,0
INC,Yinchuan Hedong International Airport,Yinchuan,CN,0
IND,Indianapolis International Airport,Indianapolis,US,0
INI,Niš Constantine the Great Airport,Niš,RS,0
INN,Innsbruck Airport,Innsbruck,AT,0
IOM,Isle of Man Airport,Castletown,IM,0
IPC,Mataveri International Airport,Isla De Pascua,CL,0
IPH,Sultan Azlan Shah Airport,Ipoh,MY,0
IQQ,Diego Aracena International Airport,Iquique,CL,0
IQT,Coronel FAP Francisco Secada Vignetta International Airport,Iquitos,PE,0
ISB,Islamabad International Airport,Attock,PK,0
ISK,Nashik International Airport,Nashik,IN,0
IST,İstanbul Airport,Istanbul,TR,0
ITM,Osaka Itami International Airport,Osaka,JP,0
IVL,Ivalo Airport,Ivalo,FI,0
IXB,Bagdogra Airport,Siliguri,IN,0
IXC,Shaheed Bhagat Singh International Airport,Chandigarh,IN,0
IXE,Mangaluru International Airport,Mangaluru,IN,0
IXZ,Veer Savarkar International Airport / INS Utkrosh,Port Blair,IN,0
JAF,Jaffna International Airport,Jaffna,LK,0
JAI,Jaipur International Airport,Jaipur,IN,0
JAX,Jacksonville International Airport,Jacksonville,US,0
JCL,České Budějovice South Bohemian Airport,České Budějovice,CZ,0
JED,King Abdulaziz International Airport,Jeddah,SA,0
JFK,John F. Kennedy International Airport,New York,US,0
JGN,Jiayuguan International Airport,Jiayuguan,CN,0
JHB,Senai International Airport,Johor Bahru,MY,0
JHG,Xishuangbanna Gasa International Airport,Jinghong (Gasa),CN,0
JIB,Djibouti-Ambouli Airport,Djibouti City,DJ,0
JIJ,Gerad Wilwal International Airport,Jijiga,ET,0
JJN,Quanzhou Jinjiang International Airport,Quanzhou,CN,0
JNB,O.R. Tambo International Airport,Johannesburg,ZA,0
JPA,Presidente Castro Pinto International Airport,João Pessoa,BR,0
JRO,Kilimanjaro International Airport,Arusha,TZ,0
JTR,Santorini International Airport,Santorini Island,GR,0
JUB,Juba International Airport,Juba,SS,0
JUJ,Gobernador Horacio Guzman International Airport,San Salvador de Jujuy,AR,0
JUL,Inca Manco Capac International Airport,Juliaca,PE,0
KAD,Kaduna International Airport,Kaduna,NG,0
KAN,Mallam Aminu Kano International Airport,Kano,NG,0
KBL,Kabul International Airport,Kabul,AF,0
KBV,Krabi International Airport,Krabi,TH,0
KCH,Kuching International Airport,Kuching,MY,0
KCZ,Kochi Ryoma Airport,Nankoku,JP,0
KDH,Ahmad Shah Baba International Airport,Kandahar,AF,0
KDU,Skardu International Airport,Skardu,PK,0
KEF,Keflavik International Airport,Reykjavík,IS,0
KEJ,Alexei Leonov Kemerovo International Airport,Kemerovo,RU,0
KER,Ayatollah Hashemi Rafsanjani International Airport,Kerman,IR,0
KGD,Khrabrovo Airport,Kaliningrad,RU,0
KGF,Sary-Arka Airport,Karaganda,KZ,0
KGL,Kigali International Airport,Kigali,RW,0
KGS,"Kos International Airport ""Ippokratis""",Kos Island,GR,0
KHG,Kashgar Laining International Airport,Kashgar,CN,0
KHH,Kaohsiung International Airport,Kaohsiung (Xiaogang),TW,0
KHI,Jinnah International Airport,Karachi,PK,0
KHN,Nanchang Changbei International Airport,Nanchang,CN,0
KIH,Kish International Airport,Kish Island,IR,0
KIJ,Niigata Airport,Niigata,JP,0
KIK,Kirkuk International Airport,Kirkuk,IQ,0
KIM,Kimberley Airport,Kimberley,ZA,0
KIN,Norman Manley International Airport,Kingston,JM,0
KIS,Kisumu International Airport,Kisumu,KE,0
KIX,Kansai International Airport,Osaka,JP,0
KJA,Krasnoyarsk International Airport,Krasnoyarsk,RU,0
KKJ,Kitakyushu Airport,Kitakyushu,JP,0
KLO,Kalibo International Airport,Kalibo,PH,0
KLU,Klagenfurt Airport,Klagenfurt am Wörthersee,AT,0
KLV,Karlovy Vary Airport,Karlovy Vary,CZ,0
KMG,Kunming Changshui International Airport,Kunming,CN,0
KMI,Miyazaki Airport,Miyazaki,JP,0
KMJ,Kumamoto Airport,Kumamoto,JP,0
KMQ,Komatsu Airport / JASDF Komatsu Air Base,Kanazawa,JP,0
KMS,Prempeh I International Airport,Kumasi,GH,0
KNO,Kualanamu International Airport,Beringin,ID,0
KOA,Ellison Onizuka Kona International Airport at Keāhole,Kailua-Kona,US,0
KOJ,Kagoshima Airport,Kagoshima,JP,0
KOS,Sihanouk International Airport,Preah Sihanouk,KH,0
KOV,Kokshetau International Airport,Kokshetau,KZ,0
KQT,Bokhtar International Airport,Bokhtar,TJ,0
KRK,Kraków John Paul II International Airport,Balice,PL,0
KRN,Kiruna Airport,Kiruna,SE,0
KRR,Krasnodar Pashkovsky International Airport,Krasnodar,RU,0
KRS,Kristiansand Airport,Kristiansand(Kjevik),NO,0
KRT,Khartoum International Airport,Khartoum,SD,0
KSA,Kosrae International Airport,Okat,FM,0
KSF,Kassel Airport,Calden,DE,0
KSN,Kostanay International Airport,Kostanay,KZ,0
KTI,Techo International Airport,Phnom Penh (Boeng Khyang),KH,0
KTM,Tribhuvan International Airport,Kathmandu,NP,0
KTT,Kittilä International Airport,Kittilä,FI,0
KTW,Katowice Wojciech Korfanty International Airport,Katowice,PL,0
KUF,Kurumoch International Airport,Samara,RU,0
KUL,Kuala Lumpur International Airport,Sepang,MY,0
KUN,Kaunas International Airport,Kaunas,LT,0
KUO,Kuopio Airport,Kuopio / Siilinjärvi,FI,0
KUT,David the Builder Kutaisi International Airport,Kopitnari,GE,0
KVA,Kavala Alexander the Great International Airport,Kavala,GR,0
KWE,Guiyang Longdongbao International Airport,Guiyang (Nanming),CN,0
KWI,Kuwait International Airport,Kuwait City,KW,0
KWL,Guilin Liangjiang International Airport,Guilin (Lingui),CN,0
KYA,Konya Airport,Konya,TR,0
KZN,Kazan International Airport,Kazan,RU,0
KZO,Korkyt Ata International Airport,Kyzylorda,KZ,0
LAD,Quatro de Fevereiro International Airport,Luanda,AO,0
LAE,Nadzab Tomodachi International Airport,Lae,PG,0
LAO,Laoag International Airport,Laoag City,PH,0
LAQ,Al Abraq International Airport,Al Albraq,LY,0
LAS,Harry Reid International Airport,Las Vegas,US,0
LAX,Los Angeles International Airport,Los Angeles,US,0
LBA,Leeds Bradford Airport,"Leeds, West Yorkshire",GB,0
LBD,Khujand International Airport,Khujand,TJ,0
LBV,Libreville Leon M'ba International Airport,Libreville,GA,0
LCA,Larnaca International Airport,Larnaca,CY,0
LCJ,Łódź Władysław Reymont Airport,Łódź,PL,0
LED,Pulkovo Airport,St. Petersburg,RU,0
LEJ,Leipzig/Halle Airport,Schkeuditz,DE,0
LFW,Lomé–Tokoin International Airport,Lomé,TG,0
LGA,LaGuardia Airport,New York,US,0
LGB,Long Beach International Airport,Long Beach,US,0
LGK,Langkawi International Airport,Langkawi,MY,0
LGW,London Gatwick Airport,London,GB,0
LHE,Allama Iqbal International Airport,Lahore,PK,0
LHR,London Heathrow Airport,London,GB,0
LHW,Lanzhou Zhongchuan International Airport,Lanzhou (Yongdeng),CN,0
LIH,Lihue Airport,"Lihue, Kauai",US,0
LIL,Lille Airport,Lesquin,FR,0
LIM,Jorge Chávez International Airport,Lima,PE,0
LIN,Milano Linate Airport,Segrate (MI),IT,0
LIR,Daniel Oduber Quirós International Airport,Liberia,CR,0
LIS,Lisbon Humberto Delgado Airport,Lisbon,PT,0
LJG,Lijiang Sanyi International Airport,Lijiang,CN,0
LJU,Ljubljana Jože Pučnik Airport,Zgornji Brnik,SI,0
LKO,Chaudhary Charan Singh International Airport,Lucknow,IN,0
LLA,Luleå Airport,Luleå,SE,0
LLW,Kamuzu International Airport,Lumbadzi,MW,0
LNZ,Linz-Hörsching Airport,Linz,AT,0
LOP,Lombok International Airport,"Mataram (Pujut, Lombok Tengah)",ID,0
LOS,Murtala Muhammed International Airport,Lagos,NG,0
LPA,Gran Canaria Airport,Gran Canaria Island,ES,0
LPB,El Alto International Airport,La Paz / El Alto,BO,0
LPI,Linköping City Airport,Linköping,SE,0
LPL,Liverpool John Lennon Airport,Liverpool,GB,0
LPP,Lappeenranta Airport,Lappeenranta,FI,0
LPQ,Luang Phabang International Airport,Luang Phabang,LA,0
LRM,Casa De Campo International Airport,La Romana,DO,0
LTN,London Luton Airport,"Luton, Luton",GB,0
LTO,Loreto International Airport,Loreto,MX,0
LUN,Kenneth Kaunda International Airport,Lusaka,ZM,0
LUX,Luxembourg-Findel International Airport,Luxembourg,LU,0
LUZ,Lublin Airport,Lublin,PL,0
LVI,Harry Mwanga Nkumbula International Airport,Livingstone,ZM,0
LWN,Shirak International Airport,Gyumri,AM,0
LXA,Lhasa Gonggar International Airport,Shannan (Gonggar),CN,0
LXR,Luxor International Airport,Luxor,EG,0
LYA,Luoyang Beijiao Airport,Luoyang (Laocheng),CN,0
LYG,Lianyungang Huaguoshan International Airport,Lianyungang,CN,0
LYP,Faisalabad International Airport,Faisalabad,PK,0
LYS,Lyon Saint-Exupéry Airport,"Colombier-Saugnieu, Rhône",FR,0
MAA,Chennai International Airport,Chennai,IN,0
MAD,Adolfo Suárez Madrid–Barajas Airport,Madrid,ES,0
MAH,Menorca Airport,Mahón (Maó),ES,0
MAJ,Marshall Islands International Airport,Majuro Atoll,MH,0
MAN,Manchester Airport,"Manchester, Greater Manchester",GB,0
MAO,Eduardo Gomes International Airport,Manaus,BR,0
MAR,La Chinita International Airport,Maracaibo,VE,0
MBA,Moi International Airport,Mombasa,KE,0
MBJ,Sangster International Airport,Montego Bay,JM,0
MCI,Kansas City International Airport,Kansas City,US,0
MCO,Orlando International Airport,Orlando,US,0
MCT,Muscat International Airport,Muscat/Seeb,OM,0
MCX,Makhachkala Uytash International Airport,Makhachkala,RU,0
MCY,Sunshine Coast Airport,Maroochydore,AU,0
MCZ,Zumbi dos Palmares International Airport,Maceió,BR,0
MDC,Sam Ratulangi International Airport,Manado,ID,0
MDE,Jose Maria Córdova International Airport,Medellín,CO,0
MDL,Mandalay International Airport,Mandalay,MM,0
MDW,Chicago Midway International Airport,Chicago,US,0
MDZ,Governor Francisco Gabrielli International Airport,Mendoza,AR,0
MED,Prince Mohammad Bin Abdulaziz Airport,Medina,SA,0
MEL,Melbourne Airport,Melbourne,AU,0
MEM,Frederick W. Smith International Airport,Memphis,US,0
MEX,Mexico City Benito Juárez International Airport,Mexico City,MX,0
MFM,Macau International Airport,Nossa Senhora do Carmo,MO,0
MFU,Mfuwe International Airport,Mfuwe,ZM,0
MGA,Augusto C. Sandino (Managua) International Airport,Managua,NI,0
MGQ,Aden Adde International Airport,Mogadishu,SO,0
MHD,Mashhad International Airport,Mashhad,IR,0
MIA,Miami International Airport,Miami,US,0
MID,Manuel Crescencio Rejón International Airport,Mérida,MX,0
MIU,Maiduguri International Airport,Maiduguri,NG,0
MJI,Mitiga International Airport,Tripoli,LY,0
MJN,Amborovy Airport,Mahajanga,MG,0
MKE,General Mitchell International Airport,Milwaukee,US,0
MLA,Malta International Airport,Valletta,MT,0
MLE,Velana International Airport,Malé,MV,0
MLM,General Francisco J. Mujica International Airport,Morelia,MX,0
MMK,Emperor Nicholas II Murmansk Airport,Murmansk,RU,0
MMX,Malmö Sturup Airport,Malmö,SE,0
MNI,John A. Osborne Airport,Gerald's Park,MS,0
MNL,Ninoy Aquino International Airport,Manila (Pasay),PH,0
MPL,Montpellier-Méditerranée Airport,Montpellier/Méditerranée,FR,0
MPM,Maputo Airport,Maputo,MZ,0
MQF,Magnitogorsk International Airport,Magnitogorsk,RU,0
MQP,Kruger Mpumalanga International Airport,Mbombela,ZA,0
MRS,Marseille Provence Airport,"Marignane, Bouches-du-Rhône",FR,0
MRU,Sir Seewoosagur Ramgoolam International Airport,Plaine Magnien,MU,0
MRV,Mineralnye Vody Airport,Mineralnyye Vody,RU,0
MSP,Minneapolis–Saint Paul International Airport / Wold–Chamberlain Field,Minneapolis,US,0
MSQ,Minsk National Airport,Minsk,BY,0
MST,Maastricht Aachen Airport,Maastricht,NL,0
MSU,Moshoeshoe I International Airport,Maseru(Mazenod),LS,0
MSY,Louis Armstrong New Orleans International Airport,New Orleans,US,0
MTY,Monterrey International Airport,Monterrey,MX,0
MUB,Maun International Airport,Maun,BW,0
MUC,Munich Airport,Munich,DE,0
MUH,Mersa Matruh International Airport,Marsa Matruh,EG,0
MUX,Multan International Airport,Multan,PK,0
MVD,Carrasco General Cesáreo L. Berisso International Airport,Ciudad de la Costa,UY,0
MWX,Muan International Airport,Muan (Piseo-ri),KR,0
MWZ,Mwanza International Airport,Mwanza,TZ,0
MXP,Milan Malpensa International Airport,Ferno (VA),IT,0
MYJ,Matsuyama Airport,Matsuyama,JP,0
MYR,Myrtle Beach International Airport,Myrtle Beach,US,0
MZG,Penghu Magong Airport,Huxi,TW,0
MZR,Mazar-i-Sharif International Airport,Mazar-i-Sharif,AF,0
MZT,General Rafael Buelna International Airport,Mazatlàn,MX,0
NAG,Dr. Babasaheb Ambedkar International Airport,Nagpur,IN,0
NAJ,Nakhchivan International Airport,Nakhchivan,AZ,0
NAN,Nadi International Airport,Nadi,FJ,0
NAP,Naples International Airport,Napoli,IT,0
NAS,Lynden Pindling International Airport,Nassau,BS,0
NAT,Rio Grande do Norte/São Gonçalo do Amarante–Governador Aluízio Alves International Airport,Natal,BR,0
NAV,Nevşehir Kapadokya Airport,Nevşehir,TR,0
NBJ,Dr. Antonio Agostinho Neto International Airport,Luanda (Ícolo e Bengo),AO,0
NBO,Jomo Kenyatta International Airport,Nairobi,KE,0
NCE,Nice-Côte d'Azur Airport,"Nice, Alpes-Maritimes",FR,0
NCL,Newcastle International Airport,"Newcastle upon Tyne, Tyne and Wear",GB,0
NCU,Nukus International Airport,Nukus,UZ,0
NDB,Nouadhibou International Airport,Nouadhibou,MR,0
NDG,Qiqihar Sanjiazi Airport,Qiqihar,CN,0
NDJ,N'Djamena International Airport,N'Djamena,TD,0
NDR,Nador Al Aaroui International Airport,Al Aaroui,MA,0
NGB,Ningbo Lishe International Airport,Ningbo,CN,0
NGO,Chubu Centrair International Airport,Tokoname,JP,0
NGS,Nagasaki Airport,Nagasaki,JP,0
NIM,Diori Hamani International Airport,Niamey,NE,0
NJC,Nizhnevartovsk Airport,Nizhnevartovsk,RU,0
NJF,Al Najaf International Airport,Najaf,IQ,0
NKC,Nouakchott–Oumtounsy International Airport,Nouakchott,MR,0
NKG,Nanjing Lukou International Airport,Nanjing,CN,0
NLA,Simon Mwansa Kapwepwe International Airport,Ndola,ZM,0
NLU,Felipe Ángeles International Airport,Mexico City,MX,0
NMA,Namangan International Airport,Namangan,UZ,0
NMI,Navi Mumbai International Airport,Navi Mumbai,IN,0
NNG,Nanning Wuxu International Airport,Nanning (Jiangnan),CN,0
NOC,Ireland West Airport Knock,Charlestown,IE,0
NOS,Nosy Be International Airport,Nosy Be,MG,0
NOU,La Tontouta International Airport,Nouméa (La Tontouta),NC,0
NQN,Presidente Perón International Airport,Neuquén,AR,0
NQZ,Nursultan Nazarbayev International Airport,Astana,KZ,0
NRN,Weeze (Niederrhein) Airport,Weeze,DE,0
NRT,Narita International Airport,Narita,JP,0
NSI,Yaoundé Nsimalen International Airport,Yaoundé,CM,0
NSK,Alykel International Airport,Norilsk,RU,0
NTE,Nantes Atlantique Airport,Nantes,FR,0
NTL,Newcastle Airport,Williamtown,AU,0
NUE,Nuremberg Airport,Nuremberg,DE,0
NUM,Neom Bay Airport,Sharma,SA,0
NVT,Ministro Victor Konder International Airport,Navegantes,BR,0
NYO,Stockholm Skavsta Airport,Nyköping,SE,0
NYT,Nay Pyi Taw International Airport,Naypyitaw,MM,0
OAK,Oakland San Francisco Bay Airport,Oakland,US,0
OAX,Xoxocotlán International Airport,Oaxaca,MX,0
OCS,Corisco International Airport,Corisco Island,GQ,0
ODE,Odense Hans Christian Andersen Airport,Odense,DK,0
OEC,Oecusse Route of the Sandalwood International Airport,Oecussi-Ambeno,TL,0
OGG,Kahului International Airport,Kahului,US,0
OHD,Ohrid St. Paul the Apostle Airport,Ohrid,MK,0
OHS,Suhar International Airport,Suhar,OM,0
OKA,Naha International Airport,Naha,JP,0
OKC,OKC Will Rogers World Airport,Oklahoma City,US,0
OKJ,Okayama Momotaro Airport,Okayama,JP,0
OLB,Olbia Costa Smeralda Airport,Olbia (SS),IT,0
OMA,Eppley Airfield,Omaha,US,0
OMO,Mostar International Airport,Mostar,BA,0
OMR,Oradea International Airport,Oradea,RO,0
OMS,Omsk Central Airport,Omsk,RU,0
ONT,Ontario International Airport,Ontario,US,0
OOL,Gold Coast Airport,Gold Coast,AU,0
OPO,Francisco de Sá Carneiro Airport,Porto,PT,0
ORD,Chicago O'Hare International Airport,Chicago,US,0
ORF,Norfolk International Airport,Norfolk,US,0
ORK,Cork International Airport,Cork,IE,0
ORN,Oran Es-Sénia (Ahmed Ben Bella) International Airport,Es-Sénia,DZ,0
ORU,Juan Mendoza International Airport,Oruro,BO,0
ORY,Paris-Orly Airport,"Paris (Orly, Val-de-Marne)",FR,0
OSL,Oslo-Gardermoen International Airport,Oslo (Gardermoen),NO,0
OSR,Leoš Janáček Airport Ostrava,Mošnov,CZ,0
OSS,Osh International Airport,Osh,KG,0
OST,Ostend-Bruges International Airport,Oostende,BE,0
OTP,Bucharest Henri Coandă International Airport,Otopeni,RO,0
OUA,Ouagadougou Thomas Sankara International Airport,Ouagadougou,BF,0
OUD,Oujda Angads Airport,Ahl Angad,MA,0
OUL,Oulu Airport,Oulu / Oulunsalo,FI,0
OVB,Novosibirsk Tolmachevo Airport,Novosibirsk,RU,0
OVD,Asturias Airport,Ranón,ES,0
OXB,Osvaldo Vieira International Airport,Bissau,GW,0
OZG,Zagora Airport,Zagora,MA,0
OZZ,Ouarzazate International Airport,Ouarzazate,MA,0
PAD,Paderborn Lippstadt Airport,Büren,DE,0
PAP,Toussaint Louverture International Airport,Port-au-Prince,HT,0
PBC,Hermanos Serdán International Airport,Puebla,MX,0
PBH,Paro International Airport,Paro,BT,0
PBM,Johan Adolf Pengel International Airport,Paramaribo,SR,0
PCL,Cap FAP David Abenzur Rengifo International Airport,Pucallpa,PE,0
PDG,Minangkabau International Airport,Padang (Katapiang),ID,0
PDL,João Paulo II Airport,Ponta Delgada,PT,0
PDV,Plovdiv International Airport,Plovdiv,BG,0
PDX,Portland International Airport,Portland,US,0
PED,Pardubice Airport,Pardubice,CZ,0
PEE,Perm International Airport,Perm,RU,0
PEG,Perugia San Francesco d'Assisi – Umbria International Airport,Perugia (PG),IT,0
PEK,Beijing Capital International Airport,Beijing,CN,0
PEN,Penang International Airport,Penang,MY,0
PER,Perth International Airport,Perth,AU,0
PEV,Pécs-Pogány International Airport,Pécs,HU,0
PEW,Bacha Khan International Airport,Peshawar,PK,0
PFO,Paphos International Airport,Paphos,CY,0
PHC,Port Harcourt International Airport,Port Harcourt,NG,0
PHE,Port Hedland International Airport,Port Hedland,AU,0
PHH,Pokhara International Airport,Pokhara,NP,0
PHL,Philadelphia International Airport,Philadelphia,US,0
PHX,Phoenix Sky Harbor International Airport,Phoenix,US,0
PIE,St. Petersburg Clearwater International Airport,Pinellas Park,US,0
PIK,Glasgow Prestwick Airport,"Prestwick, South Ayrshire",GB,0
PIT,Pittsburgh International Airport,Pittsburgh,US,0
PKC,Yelizovo Airport,Petropavlovsk-Kamchatsky,RU,0
PKX,Beijing Daxing International Airport,Beijing,CN,0
PKZ,Pakse International Airport,Pakse,LA,0
PLQ,Palanga International Airport,Palanga,LT,0
PLS,Providenciales International Airport,Providenciales,TC,0
PLX,Semei International Airport,Semey,KZ,0
PLZ,Chief Dawid Stuurman International Airport,Gqeberha (Port Elizabeth),ZA,0
PMC,El Tepual International Airport,Puerto Montt,CL,0
PMI,Palma de Mallorca Airport,Palma de Mallorca,ES,0
PMO,Falcone–Borsellino Airport,Palermo,IT,0
PMV,Del Caribe Santiago Mariño International Airport,Isla Margarita,VE,0
PNK,Supadio International Airport,Pontianak,ID,0
PNQ,Pune International Airport,Pune,IN,0
PNR,Antonio Agostinho-Neto International Airport,Pointe Noire,CG,0
PNS,Pensacola International Airport,Pensacola,US,0
POA,Porto Alegre-Salgado Filho International Airport,Porto Alegre,BR,0
POG,Port Gentil International Airport,Port Gentil,GA,0
POM,Port Moresby Jacksons International Airport,Port Moresby,PG,0
POS,Piarco International Airport,Port of Spain,TT,0
POZ,Poznań-Ławica Airport,Poznań,PL,0
PPG,Pago Pago International Airport,Pago Pago,AS,0
PPK,Petropavl International Airport,Petropavl,KZ,0
PPS,Puerto Princesa International Airport / PAF Antonio Bautista Air Base,Puerto Princesa,PH,0
PPT,Fa'a'ā International Airport,Papeete,PF,0
PQC,Phú Quốc International Airport,Phu Quoc Island,VN,0
PRG,Václav Havel Airport Prague,Prague,CZ,0
PRN,Priština Adem Jashari International Airport,Prishtina,XK,0
PSA,Pisa International Airport,Pisa (PI),IT,0
PSD,Port Said International Airport,Port Said,EG,0
PSP,Palm Springs International Airport,Palm Springs,US,0
PSR,Abruzzo Airport,Pescara,IT,0
PTG,Polokwane International Airport,Polokwane,ZA,0
PTP,Maryse Condé International Airport,Pointe-à-Pitre,GP,0
PTY,Tocumen International Airport,Tocumen,PA,0
PUJ,Punta Cana International Airport,Punta Cana,DO,0
PUQ,President Carlos Ibáñez International Airport,Punta Arenas,CL,0
PUS,Gimhae International Airport,Busan,KR,0
PUY,Pula Airport,Pula,HR,0
PVD,Rhode Island T. F. Green International Airport,Providence/Warwick,US,0
PVG,Shanghai Pudong International Airport,Shanghai (Pudong),CN,0
PVH,Governador Jorge Teixeira de Oliveira International Airport,Porto Velho,BR,0
PVR,Puerto Vallarta International Airport,Puerto Vallarta,MX,0
PWM,Portland International Jetport,Portland,US,0
PWQ,Pavlodar International Airport,Pavlodar,KZ,0
PYK,Payam International Airport,Karaj,IR,0
PZO,General Manuel Carlos Piar International Airport,Guyana City,VE,0
PZU,Port Sudan New International Airport,Port Sudan,SD,0
QRO,Querétaro Intercontinental Airport,Querétaro,MX,0
RAI,Nelson Mandela International Airport,Praia,CV,0
RAK,Marrakesh Menara Airport,Marrakesh,MA,0
RAR,Rarotonga International Airport,Avarua,CK,0
RBA,Rabat-Salé Airport,Rabat,MA,0
RBR,Rio Branco-Plácido de Castro International Airport,Rio Branco,BR,0
RDU,Raleigh-Durham International Airport,Raleigh/Durham,US,0
REC,Recife/Guararapes - Gilberto Freyre International Airport,Recife,BR,0
RES,Resistencia International Airport,Resistencia,AR,0
REU,Reus Airport,Reus,ES,0
RGL,Piloto Civil Norberto Fernández International Airport,Rio Gallegos,AR,0
RGN,Yangon International Airport,Yangon,MM,0
RHO,"Rhodes International Airport ""Diagoras""",Rhodes,GR,0
RIC,Richmond International Airport,Richmond,US,0
RIX,Riga International Airport,Riga,LV,0
RIY,Riyan International Airport,Mukalla(Riyan),YE,0
RJK,Rijeka Airport,Rijeka(Omišalj),HR,0
RKT,Ras Al Khaimah International Airport,Ras Al Khaimah,AE,0
RKZ,Xigaze Peace Airport / Shigatse Air Base,Xigazê (Samzhubzê),CN,0
RMF,Marsa Alam International Airport,Marsa Alam,EG,0
RMI,Federico Fellini International Airport,Rimini (RN),IT,0
RML,Colombo Ratmalana International Airport,Colombo,LK,0
RMO,Chişinău International Airport,Chişinău,MD,0
RMQ,Taichung International Airport / Ching Chuang Kang Air Base,Taichung (Qingshui),TW,0
RMU,Region of Murcia International Airport,Corvera,ES,0
RNO,Reno Tahoe International Airport,Reno,US,0
ROB,Roberts International Airport,Monrovia,LR,0
ROC,Frederick Douglass Greater Rochester International Airport,Rochester,US,0
ROP,Rota International Airport,Rota Island,MP,0
ROR,Roman Tmetuchl International Airport,Babelthuap Island,PW,0
ROS,Rosario Islas Malvinas International Airport,Rosario,AR,0
RSI,Red Sea International Airport,Hanak,SA,0
RSW,Southwest Florida International Airport,Fort Myers,US,0
RTB,Juan Manuel Gálvez International Airport,Coxen Hole,HN,0
RTM,Rotterdam The Hague Airport,Rotterdam,NL,0
RUH,King Khalid International Airport,Riyadh,SA,0
RUN,Roland Garros Airport,Sainte-Marie,RE,0
RVN,Rovaniemi Airport,Rovaniemi,FI,0
RZE,Rzeszów-Jasionka Airport,Jasionka,PL,0
SAG,Shirdi International Airport,Kakadi,IN,0
SAH,Sanaa International Airport,Sanaa,YE,0
SAI,Siem Reap-Angkor International Airport,Siem Reap,KH,0
SAL,El Salvador International Airport Saint Óscar Arnulfo Romero y Galdámez,San Salvador (San Luis Talpa),SV,0
SAN,San Diego International Airport,San Diego,US,0
SAP,Ramón Villeda Morales International Airport,San Pedro Sula,HN,0
SAT,San Antonio International Airport,San Antonio,US,0
SAV,Savannah Hilton Head International Airport,Savannah,US,0
SAW,Istanbul Sabiha Gökçen International Airport,"Pendik, Istanbul",TR,0
SBD,San Bernardino International Airport,San Bernardino,US,0
SBZ,Sibiu International Airport,Sibiu,RO,0
SCL,Comodoro Arturo Merino Benítez International Airport,Santiago,CL,0
SCO,Aktau International Airport,Aktau,KZ,0
SCQ,Santiago-Rosalía de Castro Airport,Santiago de Compostela,ES,0
SCR,Scandinavian Mountains Airport,Malung-Sälen,SE,0
SCU,Antonio Maceo International Airport,Santiago,CU,0
SCV,Suceava Ștefan cel Mare International Airport,Suceava,RO,0
SDF,Louisville Muhammad Ali International Airport,Louisville,US,0
SDJ,Sendai Airport,Natori,JP,0
SDQ,Las Américas International Airport,Santo Domingo,DO,0
SDU,Santos Dumont Airport,Rio de Janeiro,BR,0
SEA,Seattle–Tacoma International Airport,Seattle,US,0
SEZ,Seychelles International Airport,Victoria,SC,0
SFB,Orlando Sanford International Airport,Orlando,US,0
SFO,San Francisco International Airport,San Francisco,US,0
SFS,Subic Bay International Airport / Naval Air Station Cubi Point,Olongapo,PH,0
SGC,Surgut International Airport,Surgut,RU,0
SGN,Tan Son Nhat International Airport,Ho Chi Minh City,VN,0
SHA,Shanghai Hongqiao International Airport,Shanghai (Minhang),CN,0
SHE,Shenyang Taoxian International Airport,Shenyang,CN,0
SHJ,Sharjah International Airport,Sharjah,AE,0
SHO,King Mswati III International Airport,Mpaka,SZ,0
SID,Amílcar Cabral International Airport,Espargos,CV,0
SIN,Singapore Changi Airport,Singapore,SG,0
SJC,Mineta San Jose International Airport,San Jose,US,0
SJD,Los Cabos International Airport,San José del Cabo,MX,0
SJJ,Sarajevo International Airport,Sarajevo,BA,0
SJO,Juan Santamaría International Airport,San José (Alajuela),CR,0
SJU,Luis Munoz Marin International Airport,San Juan,PR,0
SJW,Shijiazhuang Zhengding International Airport,Shijiazhuang,CN,0
SKB,Robert L. Bradshaw International Airport,Basseterre,KN,0
SKD,Samarkand International Airport,Samarkand,UZ,0
SKG,Thessaloniki Macedonia International Airport,Thessaloniki,GR,0
SKO,Sadiq Abubakar III International Airport,Sokoto,NG,0
SKP,Skopje International Airport,Ilinden,MK,0
SKT,Sialkot International Airport,Sialkot,PK,0
SKX,Saransk International Airport,Saransk,RU,0
SLA,Martín Miguel de Güemes International Airport,Salta,AR,0
SLC,Salt Lake City International Airport,Salt Lake City,US,0
SLL,Salalah International Airport,Salalah,OM,0
SLZ,Marechal Cunha Machado International Airport,São Luís,BR,0
SMF,Sacramento International Airport,Sacramento,US,0
SNA,John Wayne Orange County International Airport,Santa Ana,US,0
SNC,General Ulpiano Paez International Airport,Salinas/La Libertad,EC,0
SNN,Shannon Airport,Shannon,IE,0
SNU,Abel Santamaria International Airport,Santa Clara,CU,0
SOC,Adisoemarmo International Airport,Surakarta,ID,0
SOF,Sofia Airport,Sofia,BG,0
SPU,Split Saint Jerome Airport,Split,HR,0
SPX,Sphinx International Airport,Al Jiza,EG,0
SRE,Alcantarí International Airport,Sucre,BO,0
SRG,Jenderal Ahmad Yani Airport,Semarang,ID,0
SRQ,Sarasota Bradenton International Airport,Sarasota/Bradenton,US,0
SSA,Deputado Luiz Eduardo Magalhães International Airport,Salvador,BR,0
SSG,Malabo International Airport,Malabo,GQ,0
SSH,Sharm El Sheikh International Airport,Sharm El Sheikh,EG,0
STI,Cibao International Airport,Santiago,DO,0
STL,St. Louis Lambert International Airport,St Louis,US,0
STN,London Stansted Airport,"London, Essex",GB,0
STR,Stuttgart Airport,Stuttgart,DE,0
STT,Cyril E. King Airport,Charlotte Amalie,VI,0
STV,Surat International Airport,Surat,IN,0
SUB,Juanda International Airport,Surabaya,ID,0
SUF,Lamezia Terme Sant'Eufemia International Airport,Lamezia Terme (CZ),IT,0
SUV,Nausori International Airport,Nausori,FJ,0
SVD,Argyle International Airport,Kingstown,VC,0
SVG,"Stavanger Airport, Sola",Stavanger,NO,0
SVO,Sheremetyevo International Airport,Moscow,RU,0
SVQ,Seville Airport,Seville,ES,0
SVX,Koltsovo Airport,Yekaterinburg,RU,0
SWA,Jieyang Chaoshan International Airport,Jieyang (Rongcheng),CN,0
SXB,Strasbourg Airport,Strasbourg,FR,0
SXM,Princess Juliana International Airport,Sint Maarten,SX,0
SXR,Srinagar International Airport,Srinagar,IN,0
SYD,Sydney Kingsford Smith International Airport,Sydney (Mascot),AU,0
SYR,Syracuse Hancock International Airport,Syracuse,US,0
SYX,Sanya Phoenix International Airport,Sanya (Tianya),CN,0
SYZ,Shiraz Shahid Dastghaib International Airport,Shiraz,IR,0
SZB,Sultan Abdul Aziz Shah International Airport,Subang,MY,0
SZG,Salzburg Airport,Salzburg,AT,0
SZX,Shenzhen Bao'an International Airport,Shenzhen,CN,0
SZZ,Solidarity Szczecin–Goleniów Airport,Szczecin(Glewice),PL,0
TAB,A.N.R. Robinson International Airport,Scarborough,TT,0
TAE,Daegu International Airport,Daegu,KR,0
TAG,Bohol-Panglao International Airport,Panglao,PH,0
TAK,Takamatsu Airport,Takamatsu,JP,0
TAO,Qingdao Jiaodong International Airport,Qingdao (Jiaozhou),CN,0
TAS,Tashkent International Airport,Tashkent,UZ,0
TAZ,Dashoguz International Airport,Daşoguz,TM,0
TBS,Tbilisi International Airport,Tbilisi,GE,0
TBU,Fua'amotu International Airport,Nuku'alofa,TO,0
TBZ,Tabriz International Airport,Tabriz,IR,0
TET,Tete Airport,Tete,MZ,0
TFN,Tenerife Norte-Ciudad de La Laguna Airport,Tenerife,ES,0
TFS,Tenerife Sur Airport,Tenerife,ES,0
TFU,Chengdu Tianfu International Airport,Chengdu (Jianyang),CN,0
TGD,Podgorica Airport / Podgorica Golubovci Airbase,Podgorica,ME,0
THR,Mehrabad International Airport,Tehran,IR,0
TIA,Tirana International Airport Mother Teresa,Rinas,AL,0
TIF,Taif International Airport,Taif,SA,0
TIJ,General Abelardo L. Rodriguez International Airport,Tijuana,MX,0
TIR,Tirupati International Airport,Tirupati,IN,0
TJM,Roshchino International Airport,Tyumen,RU,0
TJU,Kulob International Airport,Kulob,TJ,0
TKK,Chuuk International Airport,Weno Island,FM,0
TKS,Tokushima Awaodori Airport / JMSDF Tokushima Air Base,Tokushima,JP,0
TKU,Turku Airport,Turku,FI,0
TLC,Adolfo López Mateos International Airport,Toluca,MX,0
TLL,Lennart Meri Tallinn Airport,Tallinn,EE,0
TLM,Zenata – Messali El Hadj Airport,Zenata,DZ,0
TLS,Toulouse-Blagnac Airport,Toulouse/Blagnac,FR,0
TLV,Ben Gurion International Airport,Tel Aviv,IL,0
TML,Yakubu Tali International Airport,Tamale,GH,0
TMM,Toamasina Ambalamanasy Airport,Toamasina,MG,0
TMP,Tampere-Pirkkala Airport,Tampere / Pirkkala,FI,0
TMR,Aguenar – Hadj Bey Akhamok Airport,Tamanrasset,DZ,0
TMS,São Tomé International Airport,São Tomé,ST,0
TNA,Jinan Yaoqiang International Airport,Jinan (Licheng),CN,0
TNG,Tangier Ibn Battuta Airport,Tangier,MA,0
TNN,Tainan International Airport / Tainan Air Base,Tainan (Rende),TW,0
TNR,Ivato International Airport,Antananarivo,MG,0
TOF,Tomsk Kamov Airport,Tomsk,RU,0
TOM,Tombouktou Airport,Timbuktu,ML,0
TOS,Tromsø Airport,Tromsø,NO,0
TPA,Tampa International Airport,Tampa,US,0
TPE,Taiwan Taoyuan International Airport,Taoyuan,TW,0
TQO,Felipe Carrillo Puerto International Airport Tulum,Tulum,MX,0
TRD,"Trondheim Airport, Værnes",Trondheim,NO,0
TRF,"Sandefjord Airport, Torp",Sandefjord(Torp),NO,0
TRN,Turin Airport,Caselle Torinese (TO),IT,0
TRS,Trieste Airport,Ronchi dei Legionari/Trieste,IT,0
TRU,Capitán FAP Carlos Martínez de Pinillos International Airport,Trujillo,PE,0
TRV,Thiruvananthapuram International Airport,Thiruvananthapuram,IN,0
TRW,Bonriki International Airport,South Tarawa,KI,0
TRZ,Tiruchirappalli International Airport,Tiruchirappalli,IN,0
TSA,Taipei Songshan International Airport,Taipei (Songshan),TW,0
TSF,Treviso Airport,Treviso (TV),IT,0
TSN,Tianjin Binhai International Airport,Tianjin,CN,0
TSR,Timișoara Traian Vuia International Airport,Timişoara,RO,0
TTU,Sania Ramel Airport,Tétouan,MA,0
TUC,Teniente Benjamín Matienzo International Airport,San Miguel de Tucumán,AR,0
TUK,Turbat International Airport,Turbat,PK,0
TUL,Tulsa International Airport,Tulsa,US,0
TUN,Tunis Carthage International Airport,Tunis,TN,0
TUS,Tucson International Airport,Tucson,US,0
TUU,Prince Sultan bin Abdulaziz International Airport,Tabuk,SA,0
TXN,Huangshan Tunxi International Airport,Huangshan,CN,0
TYN,Taiyuan Wusu International Airport,Taiyuan,CN,0
TYS,McGhee Tyson Airport,Knoxville/Maryville,US,0
TZL,Tuzla International Airport,Dubrave Gornje,BA,0
UBN,Ulaanbaatar Chinggis Khaan International Airport,Ulaanbaatar (Sergelen),MN,0
UET,Quetta International Airport,Quetta,PK,0
UFA,Ufa International Airport,Ufa,RU,0
UGC,Urgench International Airport,Urgench,UZ,0
UIO,Mariscal Sucre International Airport,Quito,EC,0
UKB,Kobe Airport,Kobe,JP,0
UKK,Oskemen International Airport,Ust-Kamenogorsk (Oskemen),KZ,0
ULH,Al-Ula International Airport,Al-Ula,SA,0
UME,Umeå Airport,Umeå,SE,0
UPG,Sultan Hasanuddin International Airport,Makassar,ID,0
URA,Manshuk Mametova International Airport,Uralsk,KZ,0
URC,Ürümqi Tianshan International Airport,Ürümqi,CN,0
USM,Samui International Airport,Na Thon (Ko Samui Island),TH,0
UTH,Udon Thani International Airport,Udon Thani,TH,0
UTP,U-Tapao–Rayong–Pattaya International Airport,Rayong,TH,0
UUD,Baikal International Airport,Ulan Ude,RU,0
UUS,Yuzhno-Sakhalinsk International Airport,Yuzhno-Sakhalinsk,RU,0
UVF,Hewanorra International Airport,Vieux Fort,LC,0
UYU,Joya Andina International Airport,Quijarro,BO,0
VAA,Vaasa Airport,Vaasa,FI,0
VAR,Varna Airport,Varna,BG,0
VAV,Vava'u International Airport,Vava'u Island,TO,0
VBY,Visby Airport,Visby,SE,0
VCA,Can Tho International Airport,Can Tho,VN,0
VCE,Venice Marco Polo Airport,Venezia (VE),IT,0
VCP,Viracopos International Airport,Campinas,BR,0
VER,General Heriberto Jara International Airport,Veracruz,MX,0
VFA,Victoria Falls International Airport,Victoria Falls,ZW,0
VGA,Vijayawada International Airport,Vijayawada,IN,0
VIE,Vienna International Airport,Vienna,AT,0
VIL,Dakhla Airport,Dakhla,EH,0
VIX,Eurico de Aguiar Salles International Airport,Vitória,BR,0
VKO,Vnukovo International Airport,Moscow,RU,0
VLC,Valencia Airport,Valencia,ES,0
VLI,Bauerfield International Airport,Port Vila,VU,0
VLN,Arturo Michelena International Airport,Valencia,VE,0
VNO,Vilnius International Airport,Vilnius,LT,0
VNS,Lal Bahadur Shastri International Airport,Varanasi,IN,0
VOG,Volgograd International Airport,Volgograd,RU,0
VRA,Juan Gualberto Gomez International Airport,Matanzas,CU,0
VRN,Verona Villafranca Valerio Catullo Airport,Caselle (VR),IT,0
VSA,Carlos Rovirosa Pérez International Airport,Villahermosa,MX,0
VST,Stockholm Västerås Airport,Stockholm / Västerås,SE,0
VTE,Wattay International Airport,Vientiane,LA,0
VTZ,Alluri Sitarama Raju International Airport (Vizag),Visakhapatnam,IN,0
VVI,Viru Viru International Airport,Santa Cruz,BO,0
VVO,Vladivostok International Airport,Artyom,RU,0
VXE,Cesaria Evora International Airport,São Pedro,CV,0
WAW,Warsaw Chopin Airport,Warsaw,PL,0
WDH,Hosea Kutako International Airport,Windhoek,NA,0
WLG,Wellington International Airport,Wellington,NZ,0
WLS,Hihifo Airport,Wallis Island,WF,0
WMI,Warsaw Modlin Airport,Nowy Dwór Mazowiecki,PL,0
WNZ,Wenzhou Longwan International Airport,Wenzhou (Longwan),CN,0
WRO,Copernicus Wrocław Airport,Wrocław,PL,0
WTB,Toowoomba Wellcamp Airport,Toowoomba,AU,0
WUH,Wuhan Tianhe International Airport,Wuhan (Huangpi),CN,0
WUX,Sunan Shuofang International Airport,Wuxi,CN,0
WVB,Walvis Bay International Airport,Walvis Bay(Rooikop),NA,0
XBJ,Birjand International Airport,Birjand,IR,0
XIY,Xi'an Xianyang International Airport,Xi'an,CN,0
XMN,Xiamen Gaoqi International Airport,Xiamen,CN,0
XNN,Xining Caojiabao International Airport,Haidong (Huzhu Tu Autonomous County),CN,0
XPL,Palmerola International Airport,Palmerola,HN,0
YAP,Yap International Airport,Yap Island,FM,0
YCU,Yuncheng Yanhu International Airport,Yuncheng (Yanhu),CN,0
YEG,Edmonton International Airport,Edmonton,CA,0
YHM,John C. Munro Hamilton International Airport,Hamilton,CA,0
YHZ,Halifax / Stanfield International Airport,Halifax,CA,0
YIA,Yogyakarta International Airport,Yogyakarta,ID,0
YIW,Yiwu Airport,Yiwu/Jinhua,CN,0
YKS,Platon Oyunsky Yakutsk International Airport,Yakutsk,RU,0
YLW,Kelowna International Airport,Kelowna,CA,0
YNB,Prince Abdulmohsen Bin Abdulaziz International Airport,Yanbu,SA,0
YNT,Yantai Penglai International Airport,Yantai,CN,0
YNY,Yangyang International Airport,Gonghang-ro,KR,0
YNZ,Yancheng Nanyang International Airport,Yancheng (Tinghu),CN,0
YOW,Ottawa Macdonald-Cartier International Airport,Ottawa,CA,0
YQB,Quebec Jean Lesage International Airport,Quebec,CA,0
YQG,Windsor International Airport,Windsor,CA,0
YUL,Montreal / Pierre Elliott Trudeau International Airport,Montréal,CA,0
YVR,Vancouver International Airport,Vancouver,CA,0
YWG,Winnipeg / James Armstrong Richardson International Airport,Winnipeg,CA,0
YXE,Saskatoon John G. Diefenbaker International Airport,Saskatoon,CA,0
YYC,Calgary International Airport,Calgary,CA,0
YYJ,Victoria International Airport,Victoria,CA,0
YYT,St. John's International Airport,St. John's,CA,0
YYZ,Toronto Pearson International Airport,Toronto,CA,0
ZAD,Zadar Airport,Zadar,HR,0
ZAG,Zagreb Franjo Tuđman International Airport,Velika Gorica,HR,0
ZAH,Zahedan International Airport,Zahedan,IR,0
ZAM,Zamboanga International Airport,Zamboanga,PH,0
ZAZ,Zaragoza Airport,Zaragoza,ES,0
ZCO,La Araucanía International Airport,Temuco,CL,0
ZHA,Zhanjiang Wuchuan International Airport,Zhanjiang,CN,0
ZIA,Zhukovsky International Airport,Moscow,RU,0
ZIH,Ixtapa-Zihuatanejo International Airport,Ixtapa,MX,0
ZNZ,Abeid Amani Karume International Airport,Zanzibar,TZ,0
ZQN,Queenstown Airport,Queenstown,NZ,0
ZRH,Zürich Airport,Zurich,CH,0
ZSA,San Salvador International Airport,San Salvador,BS,0
ZSE,Saint-Pierre Pierrefonds Airport,Saint-Pierre,RE,0
ZUH,Zhuhai Jinwan Airport,Zhuhai (Jinwan),CN,0
ZYL,Osmany International Airport,Sylhet,BD,0
AAA,Anaa Airport,Anaa,PF,1
AAP,Aji Pangeran Tumenggung Pranoto International Airport,Samarinda,ID,1
AAT,Altay Xuedu Airport,Altay,CN,1
AAX,Romeu Zema Airport,Araxá,BR,1
AAY,Al Ghaydah International Airport,Al Ghaydah,YE,1
ABE,Lehigh Valley International Airport,Allentown/Bethlehem,US,1
ABI,Abilene Regional Airport,Abilene,US,1
ABK,Kebri Dahar Airport,Kebri Dahar,ET,1
ABL,Ambler Airport,Ambler,US,1
ABR,Aberdeen Regional Airport,Aberdeen,US,1
ABS,Abu Simbel Airport,Abu Simbel,EG,1
ABT,King Saud Bin Abdulaziz (Al Baha) Airport,Al-Baha,SA,1
ABX,Albury Airport,East Albury,AU,1
ABY,Southwest Georgia Regional Airport,Albany,US,1
ACH,Sankt Gallen Altenrhein Airport,St. Gallen,CH,1
ACI,Alderney Airport,Saint Anne,GG,1
ACK,Nantucket Memorial Airport,Nantucket,US,1
ACT,Waco Regional Airport,Waco,US,1
ACV,California Redwood Coast-Humboldt County Airport,Arcata/Eureka,US,1
ACX,Xingyi Wanfenglin Airport,Xingyi,CN,1
ACY,Atlantic City International Airport,Atlantic City,US,1
ADF,Adıyaman Airport,Adıyaman,TR,1
ADK,Adak Airport,Adak,US,1
ADQ,Kodiak Airport,Kodiak,US,1
ADU,Ardabil Airport,Ardabil,IR,1
AEB,Baise (Bose) Bama Airport,Baise (Tianyang),CN,1
AEU,Abu Musa Island Airport,Abu Musa,IR,1
AEX,Alexandria International Airport,Alexandria,US,1
AFA,Suboficial Ay Santiago Germano Airport,San Rafael,AR,1
AFL,Piloto Osvaldo Marques Dias Airport,Alta Floresta,BR,1
AFZ,Sabzevar National Airport,Sabzevar,IR,1
AGH,Ängelholm-Helsingborg Airport,Ängelholm,SE,1
AGR,Agra Airport / Agra Air Force Station,Agra,IN,1
AGS,Augusta Regional At Bush Field,Augusta,US,1
AGX,Agatti Airport,Agatti,IN,1
AHA,Maa Mahamaya Airport,Ambikapur,IN,1
AHE,Ahe Airport,Ahe Atoll,PF,1
AHO,Alghero-Fertilia Airport,Alghero,IT,1
AHU,Cherif Al Idrissi Airport,Al Hoceima,MA,1
AIA,Alliance Municipal Airport,Alliance,US,1
AIN,Wainwright Airport,Wainwright,US,1
AJA,Ajaccio Napoléon Bonaparte airport,Ajaccio,FR,1
AJI,Ağrı Airport,Ağrı,TR,1
AJL,Lengpui Airport,Aizawl (Lengpui),IN,1
AJN,Ouani Airport,Ouani,KM,1
AJR,Arvidsjaur Airport,Arvidsjaur,SE,1
AJU,Aracaju - Santa Maria Airport,Aracaju,BR,1
AKF,Kufra Airport,Kufra,LY,1
AKJ,Asahikawa Airport,Higashikagura,JP,1
AKN,King Salmon Airport,King Salmon,US,1
AKP,Anaktuvuk Pass Airport,Anaktuvuk Pass,US,1
AKR,Akure Airport,Akure,NG,1
AKU,Aksu Hongqipo Airport,Aksu (Onsu),CN,1
AKY,Sittwe Airport,Sittwe,MM,1
ALF,Alta Airport,Alta,NO,1
ALH,Albany Airport,Albany,AU,1
ALO,Waterloo Regional Airport,Waterloo,US,1
ALS,San Luis Valley Regional Airport/Bergman Field,Alamosa,US,1
ALW,Walla Walla Regional Airport,Walla Walla,US,1
AMA,Rick Husband Amarillo International Airport,Amarillo,US,1
AMH,Arba Minch Airport,Arba Minch,ET,1
AMV,Amderma Airport,Amderma,RU,1
ANI,Aniak Airport,Aniak,US,1
ANR,Antwerp International Airport (Deurne),Antwerp,BE,1
ANV,Anvik Airport,Anvik,US,1
ANX,"Andøya Airport, Andenes",Andenes,NO,1
AOG,Anshan Teng'ao Airport / Anshan Air Base,Anshan,CN,1
AOI,Marche Airport,Falconara Marittima (AN),IT,1
AOK,Karpathos Airport,Karpathos Island,GR,1
AOO,Altoona Blair County Airport,Altoona,US,1
AOR,Sultan Abdul Halim Airport,Alor Satar,MY,1
APN,Alpena County Regional Airport,Alpena,US,1
APO,Antonio Roldán Betancur Airport,Carepa,CO,1
AQA,Araraquara Airport,Araraquara,BR,1
AQG,Anqing Tianzhushan Airport / Anqing North Air Base,Anqing,CN,1
ARC,Arctic Village Airport,Arctic Village,US,1
ARH,Talagi Airport,Archangelsk,RU,1
ARI,Chacalluta International Airport,Arica,CL,1
ARK,Arusha Airport,Arusha,TZ,1
ARM,Armidale Airport,Armidale,AU,1
ART,Watertown International Airport,Watertown,US,1
ARU,Araçatuba Airport,Araçatuba,BR,1
ARW,Arad International Airport,Arad,RO,1
ASD,Andros Town Airport,Andros Town,BS,1
ASE,Aspen-Pitkin County Airport (Sardy Field),Aspen,US,1
ASI,RAF Ascension Island,Cat Hill,SH,1
ASJ,Amami Airport,Amami,JP,1
ASM,Asmara International Airport,Asmara,ER,1
ASO,Asosa Airport,Asosa,ET,1
ASP,Alice Springs Airport,Alice Springs,AU,1
ASV,Amboseli Airport,Ol Tukai,KE,1
ATC,Arthur's Town Airport,Arthur's Town,BS,1
ATK,Atqasuk Edward Burnell Sr Memorial Airport,Atqasuk,US,1
ATM,Altamira Interstate Airport,Altamira,BR,1
ATW,Appleton International Airport,Appleton,US,1
ATY,Watertown Regional Airport,Watertown,US,1
AUC,Santiago Perez Airport,Arauca,CO,1
AUG,Augusta State Airport,Augusta,US,1
AUQ,Hiva Oa-Atuona Airport,Hiva Oa Island,PF,1
AUR,Aurillac airport,Aurillac,FR,1
AUX,Araguaína Airport,Araguaína,BR,1
AVA,Anshun Huangguoshu Airport,Anshun (Xixiu),CN,1
AVK,Arvaikheer Airport,Arvaikheer,MN,1
AVL,Asheville Regional Airport,Asheville,US,1
AVN,Avignon Caumont airport,Avignon,FR,1
AVP,Wilkes-Barre/Scranton International Airport,Wilkes-Barre/Scranton,US,1
AVR,Amravati  Airport,Amravati,IN,1
AWK,Wake Island Airfield,Wake Island,UM,1
AXA,Clayton J. Lloyd International Airport,The Valley,AI,1
AXD,Alexandroupoli Democritus Airport,Alexandroupolis,GR,1
AXF,Alxa Left Banner Bayanhot Airport,Bayanhot,CN,1
AXJ,Amakusa Airport,Amakusa,JP,1
AXM,El Eden Airport,Armenia,CO,1
AXP,Spring Point Airport,Spring Point,BS,1
AXR,Arutua Airport,Arutua Airport,PF,1
AXT,Akita Airport,Akita,JP,1
AXU,Axum Airport,Axum,ET,1
AYJ,Maharshi Valmiki International Airport,Faizabad,IN,1
AYP,Air Force Colonel Alfredo Mendivil Duarte Airport,Ayacucho,PE,1
AYQ,Ayers Rock Connellan Airport,Yulara,AU,1
AZA,Mesa Gateway Airport,Mesa,US,1
AZD,Shahid Sadooghi Airport,Yazd,IR,1
AZN,Andijan International Airport,Andijan,UZ,1
AZO,Kalamazoo/Battle Creek International Airport,Kalamazoo,US,1
AZR,Touat-Cheikh Sidi Mohamed Belkebir Airport,Adrar,DZ,1
AZS,Samaná El Catey International Airport,Samana,DO,1
BAL,Batman Airport,Batman,TR,1
BAR,Qionghai Bo'ao Airport,Qionghai (Basuo),CN,1
BAY,Maramureș International Airport,Tăuții-Măgherăuș,RO,1
BBA,Balmaceda Airport,Balmaceda,CL,1
BBM,Battambang Airport,Battambang,KH,1
BBN,Bario Airport,Bario,MY,1
BBO,Berbera Airport,Berbera,SO,1
BBQ,Burton-Nibbs International Airport,Codrington,AG,1
BCA,Gustavo Rizo Airport,Baracoa,CU,1
BCH,Baucau Airport,Baucau,TL,1
BCI,Barcaldine Airport,Barcaldine,AU,1
BCO,Jinka Airport,Jinka,ET,1
BDB,Bundaberg Airport,Bundaberg,AU,1
BDH,Bandar Lengeh International Airport,Bandar Lengeh,IR,1
BDO,Husein Sastranegara International Airport,Bandung,ID,1
BDT,Gbadolite Airport,Gbadolite,CD,1
BDU,Bardufoss Airport,Målselv,NO,1
BEB,Benbecula Airport,Balivanich,GB,1
BED,Laurence G Hanscom Field,Bedford,US,1
BEF,Bluefields Airport,Bluefields,NI,1
BEJ,Kalimarau Airport,Tanjung Redeb - Borneo Island,ID,1
BEK,Bareilly Air Force Station,Bareilly,IN,1
BET,Bethel Airport,Bethel,US,1
BEU,Bedourie Airport,Bedourie,AU,1
BFD,Bradford Regional Airport,Bradford,US,1
BFF,Western Neb. Rgnl/William B. Heilig Airport,Scottsbluff,US,1
BFI,King County International Airport - Boeing Field,Seattle,US,1
BFJ,Bijie Feixiong Airport,Bijie,CN,1
BFL,Meadows Field,Bakersfield,US,1
BFV,Buri Ram Airport,Buriram,TH,1
BFY,Bengbu Tenghu Airport,Bengbu,CN,1
BGA,Palonegro Airport,Bucaramanga,CO,1
BGC,Bragança Airport,Bragança,PT,1
BGG,Bingöl Airport,Bingöl,TR,1
BGM,Greater Binghamton/Edwin A Link field,Binghamton,US,1
BGR,Bangor International Airport,Bangor,US,1
BHB,Hancock County-Bar Harbor Airport,Bar Harbor,US,1
BHD,George Best Belfast City Airport,Belfast,GB,1
BHE,Woodbourne Airport,Blenheim,NZ,1
BHH,Bisha Airport,Bisha,SA,1
BHI,Comandante Espora Airport,Bahía Blanca,AR,1
BHJ,Bhuj Airport,Bhuj,IN,1
BHQ,Broken Hill Airport,Broken Hill,AU,1
BHS,Bathurst Airport,Bathurst,AU,1
BHU,Bhavnagar Airport,Bhavnagar,IN,1
BHV,Bahawalpur Airport,Bahawalpur,PK,1
BHY,Beihai Fucheng Airport,Beihai,CN,1
BIH,Eastern Sierra Regional Airport,Bishop,US,1
BIK,Frans Kaisiepo Airport,Biak,ID,1
BIL,Billings Logan International Airport,Billings,US,1
BIM,South Bimini Airport,South Bimini,BS,1
BIQ,Biarritz Pays Basque airport,Biarritz,FR,1
BIR,Biratnagar Airport,Biratnagar,NP,1
BIS,Bismarck Municipal Airport,Bismarck,US,1
BJB,Bojnord Airport,Bojnord,IR,1
BJC,Rocky Mountain Metropolitan Airport,Denver,US,1
BJF,Båtsfjord Airport,Båtsfjord,NO,1
BJR,Bahir Dar Airport,Bahir Dar,ET,1
BJZ,Badajoz Airport,Badajoz,ES,1
BKG,Branson Airport,Branson,US,1
BKN,Balkanabat International Airport,Balkanabat,TM,1
BKQ,Blackall Airport,Blackall,AU,1
BKS,Fatmawati Soekarno Airport,Bengkulu,ID,1
BKW,Raleigh County Memorial Airport,Beaver,US,1
BLD,Boulder City Municipal Airport,Boulder City,US,1
BLE,Dala Airport,Borlange,SE,1
BLI,Bellingham International Airport,Bellingham,US,1
BLV,Scott AFB/Midamerica Airport,Belleville,US,1
BMA,Stockholm-Bromma Airport,Stockholm,SE,1
BMI,Central Illinois Regional Airport at Bloomington-Normal,Bloomington/Normal,US,1
BMU,Sultan Muhammad Salahuddin Airport,Bima,ID,1
BMV,Buon Ma Thuot Airport,Buon Ma Thuot,VN,1
BMW,Bordj Badji Mokhtar Airport,Bordj Badji Mokhtar,DZ,1
BNI,Benin Airport,Benin,NG,1
BNK,Ballina Byron Gateway Airport,Ballina,AU,1
BNN,"Brønnøysund Airport, Brønnøy",Brønnøy,NO,1
BNS,Barinas Airport,Barinas,VE,1
BOB,Bora Bora Airport,Motu Mute,PF,1
BOC,"Bocas del Toro ""Isla Colón"" International Airport",Isla Colón,PA,1
BOH,Bournemouth Airport,Bournemouth,GB,1
BOR,Bokeo International Airport,Ton Phueng,LA,1
BPE,Qinhuangdao Beidaihe Airport,Qinhuangdao (Changli),CN,1
BPL,Bole Alashankou Airport,Bole,CN,1
BPT,Jack Brooks Regional Airport,Beaumont/Port Arthur,US,1
BPX,Qamdo Bangda Airport,Bangda,CN,1
BPY,Besalampy Airport,Besalampy,MG,1
BQK,Brunswick Golden Isles Airport,Brunswick,US,1
BQL,Boulia Airport,Boulia Airport,AU,1
BQN,Rafael Hernández International Airport,Aguadilla,PR,1
BQS,Ignatyevo Airport,Blagoveschensk,RU,1
BQU,J F Mitchell Airport,Bequia,VC,1
BRD,Brainerd Lakes Regional Airport,Brainerd,US,1
BRK,Bourke Airport,Bourke Airport,AU,1
BRL,Southeast Iowa Regional Airport,Burlington,US,1
BRN,Bern Airport,Bern,CH,1
BRO,Brownsville South Padre Island International Airport,Brownsville,US,1
BRQ,Brno-Tuřany Airport,Brno,CZ,1
BRR,Barra Airport,Eoligarry,GB,1
BRW,Wiley Post Will Rogers Memorial Airport,Utqiaġvik,US,1
BRX,Maria Montez International Airport,Barahona,DO,1
BSC,José Celestino Mutis Airport,Bahía Solano,CO,1
BSD,Baoshan Yunrui Airport,Baoshan (Longyang),CN,1
BSO,Basco Airport,Basco,PH,1
BTC,Batticaloa International Airport,Batticaloa,LK,1
BTI,Barter Island Long Range Radar Station Airport,Barter Island,US,1
BTK,Bratsk Airport,Bratsk,RU,1
BTM,Bert Mooney Airport,Butte,US,1
BTR,Baton Rouge Metropolitan Airport,Baton Rouge,US,1
BTU,Bintulu Airport,Bintulu,MY,1
BTV,Patrick Leahy Burlington International Airport,Burlington,US,1
BUA,Buka Airport,Buka Island,PG,1
BUN,Gerardo Tobar López Airport,Buenaventura,CO,1
BUX,Bunia Airport,Bunia,CD,1
BUZ,Bushehr Airport,Bushehr,IR,1
BVE,Brive Souillac airport,Brive,FR,1
BVG,Berlevåg Airport,Berlevåg,NO,1
BVH,Brigadeiro Camarão Airport,Vilhena,BR,1
BVI,Birdsville Airport,Birdsville Airport,AU,1
BVJ,Bovanenkovo Airport,Bovanenkovo,RU,1
BWK,Brač Airport,Gornji Humac,HR,1
BWO,Balakovo Airport,Balakovo,RU,1
BWT,Wynyard Airport,Burnie,AU,1
BXH,Balkhash Airport,Balkhash,KZ,1
BXR,Bam Airport,Bam,IR,1
BXU,Bancasi Airport,Butuan,PH,1
BYK,Bouaké Airport,Bouaké,CI,1
BYM,Carlos Manuel de Cespedes Airport,Bayamo,CU,1
BYN,Bayankhongor Airport,Bayankhongor,MN,1
BZG,Ignacy Jan Paderewski Bydgoszcz Airport,Bydgoszcz,PL,1
BZI,Balıkesir Airport,Balıkesir,TR,1
BZL,Barisal Airport,Barisal,BD,1
BZN,Bozeman Yellowstone International Airport,Bozeman,US,1
BZO,Bolzano Airport,Bolzano (BZ),IT,1
BZR,Béziers Vias airport,Béziers,FR,1
BZX,Bazhong Enyang Airport,Bazhong,CN,1
CAB,Cabinda Airport,Cabinda,AO,1
CAC,Coronel Adalberto Mendes da Silva Airport,Cascavel,BR,1
CAE,Columbia Metropolitan Airport,Columbia,US,1
CAH,Cà Mau Airport,Ca Mau City,VN,1
CAJ,Canaima Airport,Canaima,VE,1
CAK,Akron Canton Regional Airport,Akron,US,1
CAL,Campbeltown Airport,Campbeltown,GB,1
CAT,Cascais Airport,Cascais,PT,1
CAW,Bartolomeu Lisandro Airport,Campos dos Goytacazes,BR,1
CAZ,Cobar Airport,Cobar Airport,AU,1
CBH,Béchar Boudghene Ben Ali Lotfi Airport,Béchar,DZ,1
CBO,Cotabato (Awang) Airport,Datu Odin Sinsuat,PH,1
CBQ,Margaret Ekpo International Airport,Calabar,NG,1
CBR,Canberra Airport,Canberra,AU,1
CBT,Catumbela Airport,Catumbela,AO,1
CCC,Jardines Del Rey Airport,Cayo Coco,CU,1
CCE,Capital International Airport,New Cairo,EG,1
CCF,Carcassonne Salvaza Airport,Carcassonne,FR,1
CCR,Buchanan Field,Concord,US,1
CCZ,Chub Cay Airport,Chub Cay,BS,1
CDB,Cold Bay Airport,Cold Bay,US,1
CDC,Cedar City Regional Airport,Cedar City,US,1
CDE,Chengde Puning Airport,Chengde,CN,1
CDP,Kadapa Airport,Kadapa,IN,1
CDR,Chadron Municipal Airport,Chadron,US,1
CDT,Castellón-Costa Azahar Airport,Castellón de la Plana,ES,1
CDV,Merle K (Mudhole) Smith Airport,Cordova,US,1
CEC,Jack Mc Namara Field Airport,Crescent City,US,1
CED,Ceduna Airport,Ceduna Airport,AU,1
CEE,Cherepovets Airport,Cherepovets,RU,1
CEN,Ciudad Obregón International Airport,Ciudad Obregón,MX,1
CEZ,Cortez Municipal Airport,Cortez,US,1
CFG,Jaime Gonzalez Airport,Cienfuegos,CU,1
CFN,Donegal Airport,Donegal,IE,1
CFR,Caen Carpiquet airport,Caen,FR,1
CFS,Coffs Harbour Airport,Coffs Harbour,AU,1
CGD,Changde Taohuayuan Airport,Changde (Dingcheng),CN,1
CGI,Cape Girardeau Regional Airport,Cape Girardeau,US,1
CGM,Camiguin Airport,Mambajao,PH,1
CGR,Campo Grande Airport,Campo Grande,BR,1
CHA,Chattanooga Metropolitan Airport (Lovell Field),Chattanooga,US,1
CHG,Chaoyang Airport,"Shuangta, Chaoyang",CN,1
CHH,Chachapoyas Airport,Chachapoyas,PE,1
CHM,FAP Lieutenant Jaime Andres de Montreuil Morales Airport,Chimbote,PE,1
CHO,Charlottesville Albemarle Airport,Charlottesville,US,1
CHT,Inia William Tuuta Memorial Airport,Te One,NZ,1
CHX,Changuinola Captain Manuel Niño International Airport,Changuinola,PA,1
CID,The Eastern Iowa Airport,Cedar Rapids,US,1
CIF,Chifeng Yulong Airport,Chifeng,CN,1
CIJ,Capitán Aníbal Arab Airport,Cobija,BO,1
CIU,Chippewa County International Airport,Kincheloe,US,1
CIW,Canouan Airport,Canouan,VC,1
CIY,Comiso Airport,Comiso,IT,1
CJA,Mayor General FAP Armando Revoredo Iglesias Airport,Cajamarca,PE,1
CJC,El Loa Airport,Calama,CL,1
CJL,Chitral Airport,Chitral,PK,1
CJM,Chumphon Airport,Chumphon,TH,1
CKB,North Central West Virginia Airport,Bridgeport,US,1
CKH,Chokurdakh Airport,Chokurdah,RU,1
CKS,Carajás Airport,Parauapebas,BR,1
CKZ,Çanakkale Airport,Çanakkale,TR,1
CLD,McClellan-Palomar Airport,Carlsbad,US,1
CLL,Easterwood Field,College Station,US,1
CLQ,Licenciado Miguel de la Madrid International Airport,Colima,MX,1
CLY,Calvi Sainte Catherine Airport,Calvi,FR,1
CMA,Cunnamulla Airport,Cunnamulla Airport,AU,1
CME,Ciudad del Carmen International Airport,Ciudad del Carmen,MX,1
CMF,Chambéry Aix les Bains airport,Chambéry,FR,1
CMG,Corumbá International Airport,Corumbá,BR,1
CMI,University of Illinois Willard Airport,Savoy,US,1
CMU,Chimbu Airport,Kundiawa,PG,1
CMX,Houghton County Memorial Airport,Hancock,US,1
CNB,Coonamble Airport,Coonamble Airport,AU,1
CNJ,Cloncurry Airport,Cloncurry,AU,1
CNM,Cavern City Air Terminal,Carlsbad,US,1
CNP,Neerlerit Inaat Airport,Neerlerit Inaat,GL,1
CNQ,Corrientes Airport,Corrientes,AR,1
CNY,Canyonlands Regional Airport,Moab,US,1
COD,Yellowstone Regional Airport,Cody,US,1
COQ,Choibalsan Airport,Choibalsan Airport,MN,1
COU,Columbia Regional Airport,Columbia,US,1
CPC,Aviador C. Campos Airport,Chapelco/San Martin de los Andes,AR,1
CPD,Coober Pedy Airport,Coober Pedy,AU,1
CPE,Ingeniero Alberto Acuña Ongay International Airport,Campeche,MX,1
CPO,Desierto de Atacama Airport,Copiapo,CL,1
CPR,Casper-Natrona County International Airport,Casper,US,1
CPV,Presidente João Suassuna Airport,Campina Grande,BR,1
CPX,Benjamin Rivera Noriega Airport,Culebra,PR,1
CQW,Chongqing Xiannüshan Airport,Wulong,CN,1
CRI,Colonel Hill Airport,Colonel Hill,BS,1
CRM,Catarman National Airport,Catarman,PH,1
CRP,Corpus Christi International Airport,Corpus Christi,US,1
CRV,Crotone Sant'Anna Pythagoras Airport,Isola di Capo Rizzuto (KR),IT,1
CRW,Yeager Airport,Charleston,US,1
CSG,Columbus Airport,Columbus,US,1
CSK,Cap Skirring Airport,Cap Skirring,SN,1
CSW,Cabo San Lucas International Airport,Cabo San Lucas,MX,1
CSY,Cheboksary Airport,Cheboksary,RU,1
CTC,Coronel Felipe Varela International Airport,Catamarca,AR,1
CTD,Alonso Valderrama Airport,Chitré,PA,1
CTL,Charleville Airport,Charleville,AU,1
CTM,Chetumal International Airport,Chetumal,MX,1
CTN,Cooktown Airport,Cooktown Airport,AU,1
CUC,Camilo Daza International Airport,Cúcuta,CO,1
CUE,Mariscal Lamar Airport,Cuenca,EC,1
CUF,Cuneo International Airport,Levaldigi (CN),IT,1
CUK,Caye Caulker Airport,Caye Caulker,BZ,1
CUM,Antonio José de Sucre Airport,Cumaná,VE,1
CUP,General Francisco Bermúdez Airport,Carúpano,VE,1
CUQ,Coen Airport,Coen,AU,1
CVM,General Pedro Jose Mendez International Airport,Ciudad Victoria,MX,1
CVN,Clovis Municipal Airport,Clovis,US,1
CVQ,Carnarvon Airport,Carnarvon,AU,1
CWA,Central Wisconsin Airport,Mosinee,US,1
CWJ,Cangyuan Washan Airport,Lincang (Cangyuan),CN,1
CXB,Cox's Bazar Airport,Cox's Bazar,BD,1
CXJ,Hugo Cantergiani Regional Airport,Caxias Do Sul,BR,1
CXP,Tunggul Wulung Airport,Cilacap,ID,1
CYA,Antoine-Simon International Airport,Les Cayes,HT,1
CYB,Charles Kirkconnell International Airport,West End,KY,1
CYC,Caye Chapel Airport,Caye Chapel,BZ,1
CYI,Chiayi Airport,Shuishang,TW,1
CYO,Vilo Acuña International Airport,Cayo Largo del Sur,CU,1
CYP,Calbayog Airport,Calbayog City,PH,1
CYS,Cheyenne Regional Jerry Olson Field,Cheyenne,US,1
CYX,Cherskiy Airport,Cherskiy,RU,1
CYZ,Cauayan Airport,Cauayan City,PH,1
CZE,José Leonardo Chirinos Airport,Coro,VE,1
CZH,Corozal Airport,Corozal,BZ,1
CZS,Cruzeiro do Sul Airport,Cruzeiro Do Sul,BR,1
CZU,Las Brujas Airport,Corozal,CO,1
CZX,Changzhou Benniu International Airport,Changzhou,CN,1
DAB,Daytona Beach International Airport,Daytona Beach,US,1
DAU,Daru Airport,Daru,PG,1
DAV,Enrique Malek International Airport,David,PA,1
DAY,James M. Cox Dayton International Airport,Dayton,US,1
DBC,Baicheng Chang'an Airport,Baicheng,CN,1
DBO,Dubbo City Regional Airport,Dubbo,AU,1
DBQ,Dubuque Regional Airport,Dubuque,US,1
DBR,Darbhanga Airport,Darbhanga,IN,1
DCF,Canefield Airport,Canefield,DM,1
DCM,Castres Mazamet Airport,Castres,FR,1
DCY,Daocheng Yading Airport,Garzê (Daocheng),CN,1
DDC,Dodge City Regional Airport,Dodge City,US,1
DDG,Dandong Langtou International Airport,Dandong (Zhenxing),CN,1
DDR,Shigatse Tingri Airport,Xigazê (Dingri),CN,1
DEA,Dera Ghazi Khan Airport,Dera Ghazi Khan,PK,1
DEC,Decatur Airport,Decatur,US,1
DED,Dehradun Jolly Grant Airport,Dehradun (Jauligrant),IN,1
DEF,Dezful Airport,Dezful,IR,1
DGA,Dangriga Airport,Dangriga,BZ,1
DGO,General Guadalupe Victoria International Airport,Durango,MX,1
DGT,Sibulan Airport,Dumaguete City,PH,1
DHM,Kangra Airport,Kangra,IN,1
DHN,Dothan Regional Airport,Dothan,US,1
DHX,Dhoho International Airport,Kediri,ID,1
DIB,Dibrugarh Airport,Dibrugarh,IN,1
DIE,Arrachart Airport,Antisiranana,MG,1
DIG,Diqing Shangri-La Airport,Diqing (Shangri-La),CN,1
DIK,Dickinson Theodore Roosevelt Regional Airport,Dickinson,US,1
DIN,Dien Bien Phu Airport,Dien Bien Phu,VN,1
DIY,Diyarbakır Airport,Diyarbakır,TR,1
DKA,Umaru Musa Yar'adua Airport,Katsina,NG,1
DLE,Dole Tavaux Airport,Dole,FR,1
DLG,Dillingham Airport,Dillingham,US,1
DLH,Duluth International Airport,Duluth,US,1
DLI,Lien Khuong Airport,Da Lat,VN,1
DLU,Dali Fengyi Airport,Dali (Xiaguan),CN,1
DLZ,Dalanzadgad Airport,Dalanzadgad,MN,1
DMU,Dimapur Airport,Dimapur,IN,1
DND,Dundee Airport,Dundee,GB,1
DNZ,Çardak Airport,Denizli,TR,1
DOD,Dodoma Airport,Dodoma,TZ,1
DOG,Dongola Airport,Dongola,SD,1
DOL,Deauville Normandie airport,Deauville,FR,1
DOM,Douglas-Charles Airport,Marigot,DM,1
DOV,Dover Civil Air Terminal/Dover Air Force Base,Dover,US,1
DOY,Dongying Shengli Airport,Dongying (Kenli),CN,1
DPL,Dipolog Airport,Dipolog,PH,1
DPO,Devonport Airport,Devonport,AU,1
DRG,Deering Airport,Deering,US,1
DRO,Durango La Plata County Airport,Durango,US,1
DSI,Destin Executive Airport,Destin,US,1
DSO,Sondok Airport,Sŏndŏng-ni,KP,1
DTU,Wudalianchi Dedu Airport,Heihe,CN,1
DUD,Dunedin International Airport,Dunedin,NZ,1
DUE,Dundo Airport,Chitato,AO,1
DUJ,DuBois Regional Airport,Dubois,US,1
DUM,Pinang Kampai Airport,Dumai,ID,1
DUT,Tom Madsen (Dutch Harbor) Airport,Unalaska,US,1
DVL,Devils Lake Regional Airport,Devils Lake,US,1
DWD,Dawadmi Domestic Airport,Dawadmi,SA,1
DYR,Ugolny Yuri Ryktheu Airport,Anadyr,RU,1
DZH,Dazhou Jinya Airport,Dazhou (Dachuan),CN,1
EAM,Najran Domestic Airport,Najran,SA,1
EAR,Kearney Regional Airport,Kearney,US,1
EAS,San Sebastián Airport,Hondarribia,ES,1
EAT,Pangborn Memorial Airport,Wenatchee,US,1
EAU,Chippewa Valley Regional Airport,Eau Claire,US,1
EBA,Marina di Campo Airport,Campo nell'Elba (LI),IT,1
EBD,El-Obeid Airport,El-Obeid,SD,1
EBJ,Esbjerg Airport,Esbjerg,DK,1
ECP,Northwest Florida Beaches International Airport,Panama City Beach,US,1
EFL,Kefallinia Airport,Kefallinia Island,GR,1
EGC,Bergerac Dordogne-Périgord airport,Bergerac,FR,1
EGE,Eagle County Regional Airport,Eagle,US,1
EGS,Egilsstaðir Airport,Egilsstaðir,IS,1
EGX,Egegik Airport,Egegik,US,1
EIE,Yeniseysk Airport,Yeniseysk,RU,1
EJA,Yariguíes Airport,Barrancabermeja,CO,1
EJH,Al Wajh Domestic Airport,Al Wajh,SA,1
EKO,Elko Regional Airport,Elko,US,1
ELC,Elcho Island Airport,Elcho Island,AU,1
ELD,South Arkansas Regional Airport at Goodwin Field,El Dorado,US,1
ELF,El Fasher Airport,El Fasher,SD,1
ELG,El Golea Airport,El Menia,DZ,1
ELH,North Eleuthera Airport,North Eleuthera,BS,1
ELM,Elmira Corning Regional Airport,Elmira/Corning,US,1
ELU,Guemar Airport - مطار قمار بالوادي,Guemar,DZ,1
EMD,Emerald Airport,Emerald,AU,1
EMK,Emmonak Airport,Emmonak,US,1
ENA,Kenai Municipal Airport,Kenai,US,1
ENF,Enontekio Airport,Enontekio,FI,1
ENH,Enshi Xujiaping Airport,Enshi (Enshi),CN,1
ENY,Yan'an Nanniwan Airport,Yan'an (Baota),CN,1
EOH,Enrique Olaya Herrera Airport,Medellín,CO,1
EOI,Eday Airport,Eday,GB,1
EPR,Esperance Airport,Esperance,AU,1
EPU,Pärnu Airport,Pärnu,EE,1
EQS,Esquel Brigadier Antonio Parodi International Airport,Esquel,AR,1
ERC,Erzincan Airport,Erzincan,TR,1
ERH,Moulay Ali Cherif Airport,Errachidia,MA,1
ERI,Erie International Tom Ridge Field,Erie,US,1
ERL,Erenhot Saiwusu International Airport,Erenhot,CN,1
ERS,Eros Airport,Windhoek,NA,1
ERZ,Erzurum International Airport,Erzurum,TR,1
ESC,Delta County Airport,Escanaba,US,1
ESD,Orcas Island Airport,Eastsound,US,1
ESL,Elista Airport,Elista,RU,1
ESR,Ricardo García Posada Airport,El Salvador,CL,1
ESU,Essaouira-Mogador Airport,Essaouira,MA,1
ETR,Santa Rosa - Artillery Colonel Victor Larrea International Airport,Santa Rosa,EC,1
ETZ,Metz-Nancy-Lorraine Airport,Goin,FR,1
EUG,Eugene Airport,Eugene,US,1
EUX,F. D. Roosevelt Airport,Oranjestad,BQ,1
EVV,Evansville Regional Airport,Evansville,US,1
EWB,New Bedford Regional Airport,New Bedford,US,1
EWN,Coastal Carolina Regional Airport,New Bern,US,1
EXT,Exeter International Airport,"Exeter, Devon",GB,1
EYK,Beloyarskiy Airport,Beloyarskiy Airport,RU,1
EYP,El Alcaravan - Yopal Airport,Yopal,CO,1
EYW,Key West International Airport,Key West,US,1
EZS,Elazığ Airport,Elazığ,TR,1
FAI,Fairbanks International Airport,Fairbanks,US,1
FAR,Hector International Airport,Fargo,US,1
FAV,Fakarava Airport,Fakarava Airport,PF,1
FAY,Fayetteville Regional Airport - Grannis Field,Fayetteville,US,1
FCA,Glacier Park International Airport,Kalispell,US,1
FCN,Sea-Airport Cuxhaven/Nordholz / Nordholz Naval Airbase,Wurster Nordseeküste,DE,1
FDU,Bandundu Airport,Bandundu,CD,1
FEG,Fergana International Airport,Fergana,UZ,1
FEN,Fernando de Noronha Airport,Fernando de Noronha,BR,1
FGU,Fangatau Airport,Fangatau,PF,1
FIZ,Fitzroy Crossing Airport,Fitzroy Crossing Airport,AU,1
FKQ,Fakfak Airport,Fakfak,ID,1
FKS,Fukushima Airport,Sukagawa,JP,1
FLA,Gustavo Artunduaga Paredes Airport,Florencia,CO,1
FLG,Flagstaff Pulliam Airport,Flagstaff,US,1
FLO,Florence Regional Airport,Florence,US,1
FLW,Flores Airport,Santa Cruz das Flores,PT,1
FLZ,Dr. Ferdinand Lumban Tobing Airport,Sibolga (Pinangsori),ID,1
FMA,Formosa National Airport,Formosa,AR,1
FMI,Kalemie Airport,Kalemie,CD,1
FNI,Nîmes-Arles-Camargue Airport,Nîmes/Garons,FR,1
FNT,Bishop International Airport,Flint,US,1
FOD,Fort Dodge Regional Airport,Fort Dodge,US,1
FOG,Foggia Gino Lisa Airport,Foggia (FG),IT,1
FON,La Fortuna Arenal Airport,La Fortuna,CR,1
FRD,Friday Harbor Airport,Friday Harbor,US,1
FRL,Forlì-Luigi Ridolfi International Airport,Forlì (FC),IT,1
FRO,Florø Airport,Florø,NO,1
FRS,Mundo Maya International Airport,San Benito,GT,1
FSD,Sioux Falls Regional Airport,Sioux Falls,US,1
FSM,Fort Smith Regional Airport,Fort Smith,US,1
FSP,Saint-Pierre Pointe-Blanche Airport,Saint-Pierre,PM,1
FTE,El Calafate - Commander Armando Tola International Airport,El Calafate,AR,1
FTU,Tôlanaro Airport,Tôlanaro,MG,1
FTW,Fort Worth Meacham International Airport,Fort Worth,US,1
FUG,Fuyang Xiguan Airport,"Yingzhou, Fuyang",CN,1
FUJ,Fukue Airport,Goto,JP,1
FUN,Funafuti International Airport,Funafuti,TV,1
FUO,Foshan Shadi Airport,Foshan (Nanhai),CN,1
FWA,Fort Wayne International Airport,Fort Wayne,US,1
FYJ,Fuyuan Dongji Airport,Fuyuan,CN,1
FYN,Fuyun Koktokay Airport,Fuyun,CN,1
FYU,Fort Yukon Airport,Fort Yukon,US,1
GAJ,Yamagata Airport,Higashine,JP,1
GAL,Edward G. Pitka Sr Airport,Galena,US,1
GAM,Gambell Airport,Gambell,US,1
GAQ,Gao International Airport,Gao,ML,1
GAY,Gaya Airport,Gaya,IN,1
GBB,Gabala International Airport,Gabala,AZ,1
GBJ,Marie-Galante Airport,Grand-Bourg,GP,1
GCC,Northeast Wyoming Regional Airport,Gillette,US,1
GCH,Gachsaran Airport,Gachsaran,IR,1
GCI,Guernsey Airport,Saint Peter Port,GG,1
GCK,Garden City Regional Airport,Garden City,US,1
GCN,Grand Canyon National Park Airport,Grand Canyon - Tusayan,US,1
GDB,Gondia Airport,Gondia,IN,1
GDE,Gode Airport,Gode,ET,1
GDQ,Gondar Airport,Azezo,ET,1
GDT,JAGS McCartney International Airport,Cockburn Town,TC,1
GDV,Dawson Community Airport,Glendive,US,1
GDX,Sokol Airport,Magadan,RU,1
GDZ,Gelendzhik Airport,Gelendzhik,RU,1
GEA,Nouméa Magenta Airport,Nouméa,NC,1
GEL,Santo Ângelo Airport,Santo Ângelo,BR,1
GEM,President Obiang Nguema International Airport,Mengomeyén,GQ,1
GER,Rafael Cabrera Airport,Nueva Gerona,CU,1
GET,Geraldton Airport,Moonyoonooka,AU,1
GEV,Gällivare Airport,Gällivare,SE,1
GFF,Griffith Airport,Griffith,AU,1
GFK,Grand Forks International Airport,Grand Forks,US,1
GGG,East Texas Regional Airport,Longview,US,1
GGT,Exuma International Airport,Moss Town,BS,1
GGW,Glasgow Valley County Airport Wokal Field,Glasgow,US,1
GHA,Noumérat - Moufdi Zakaria Airport,El Atteuf,DZ,1
GHB,Governor's Harbour Airport,Governor's Harbour,BS,1
GID,Gitega Airport,Gitega,BI,1
GIL,Gilgit Airport,Gilgit,PK,1
GIS,Gisborne Airport,Gisborne,NZ,1
GIZ,Jizan Regional Airport / King Abdullah bin Abdulaziz Airport,Jizan,SA,1
GJA,La Laguna Airport,Guanaja,HN,1
GJT,Grand Junction Regional Airport,Grand Junction,US,1
GKA,Goroka Airport,Goronka,PG,1
GKN,Gulkana Airport,Gulkana,US,1
GLF,Golfito Airport,Golfito,CR,1
GLH,Mid Delta Regional Airport,Greenville,US,1
GLT,Gladstone Airport,Gladstone,AU,1
GMA,Gemena Airport,Gemena,CD,1
GMB,Gambela Airport,Gambela,ET,1
GME,Gomel Airport,Gomel,BY,1
GMO,Gombe Lawanti International Airport,Gombe,NG,1
GMQ,Golog Maqên Airport,Golog (Maqên),CN,1
GMR,Totegegie Airport,Totegegie Airport,PF,1
GNB,Grenoble Alpes Isère Airport,Grenoble,FR,1
GNS,Binaka Airport,Gunungsitoli,ID,1
GNV,Gainesville Regional Airport,Gainesville,US,1
GOP,Gorakhpur Airport,Gorakhpur,IN,1
GOQ,Golmud Airport,Golmud,CN,1
GOV,Gove Airport,Nhulunbuy,AU,1
GPA,Patras Araxos Agamemnon Airport,Patras,GR,1
GPI,Guapi Airport,Guapi,CO,1
GPS,Seymour Galapagos Ecological Airport,Isla Baltra,EC,1
GPT,Gulfport Biloxi International Airport,Gulfport,US,1
GRB,Austin Straubel International Airport,Green Bay,US,1
GRI,Central Nebraska Regional Airport,Grand Island,US,1
GRK,Killeen Regional Airport / Robert Gray Army Airfield,Fort Cavazos,US,1
GRW,Graciosa Airport,Santa Cruz da Graciosa,PT,1
GRX,F.G.L. Airport Granada-Jaén Airport,Granada,ES,1
GRY,Grímsey Airport,Grímsey/Sandvík,IS,1
GSP,Greenville-Spartanburg International Airport,Greenville/Greer/Spartanburg,US,1
GST,Gustavus Airport,Gustavus,US,1
GTE,Groote Eylandt Airport,Groote Eylandt,AU,1
GTF,Great Falls International Airport,Great Falls,US,1
GTR,Golden Triangle Regional Airport,Columbus/W Point/Starkville,US,1
GUC,Gunnison Crested Butte Regional Airport,Gunnison,US,1
GUP,Gallup Municipal Airport,Gallup,US,1
GUR,Gurney Airport,Gurney,PG,1
GVR,Coronel Altino Machado Airport,Governador Valadares,BR,1
GWL,Gwalior Airport,Gwalior,IN,1
GWT,Westerland Sylt Airport,Sylt,DE,1
GXG,Negage Airport,Negage,AO,1
GXH,Gannan Xiahe Airport,Gannan (Xiahe),CN,1
GYA,Guayaramerín Airport,Guayaramerín,BO,1
GYM,General José María Yáñez International Airport,Guaymas,MX,1
GYS,Guangyuan Panlong Airport,Guangyuan (Lizhou),CN,1
GYU,Guyuan Liupanshan Airport,Guyuan (Yuanzhou),CN,1
GYY,Gary/Chicago International Airport,Gary,US,1
GZP,Gazipaşa-Alanya Airport,Gazipaşa,TR,1
HAC,Hachijojima Airport,Hachijojima,JP,1
HAD,Halmstad Airport,Halmstad,SE,1
HAU,"Haugesund Airport, Karmøy",Karmøy,NO,1
HBX,Hubballi Airport,Hubballi,IN,1
HCJ,Hechi Jinchengjiang Airport,Hechi (Jinchengjiang),CN,1
HCR,Holy Cross Airport,Holy Cross,US,1
HCZ,Chenzhou Beihu Airport,Chenzhou,CN,1
HDF,Heringsdorf Airport,Zirchow,DE,1
HDG,Handan Airport,Handan,CN,1
HDM,Hamadan Airport,Hamadan,IR,1
HDN,Yampa Valley Airport,Hayden,US,1
HDS,Eastgate Airport / Air Force Base Hoedspruit,Hoedspruit,ZA,1
HEH,Heho Airport,Heho,MM,1
HEK,Heihe Aihui Airport,Heihe,CN,1
HFA,Uri Michaeli Haifa International Airport,Haifa,IL,1
HFN,Hornafjörður Airport,Höfn,IS,1
HFT,Hammerfest Airport,Hammerfest,NO,1
HGI,Itanagar Donyi Polo Hollongi Airport,Hollongi,IN,1
HGN,Mae Hong Son Airport,Mae Hong Son,TH,1
HGO,Korhogo Airport,Korhogo,CI,1
HGR,Hagerstown Regional Richard A Henson Field,Hagerstown,US,1
HGU,Mount Hagen Kagamuga Airport,Mount Hagen,PG,1
HHH,Hilton Head Airport,Hilton Head Island,US,1
HHQ,Hua Hin Airport,Hua Hin,TH,1
HHR,Jack Northrop Field Hawthorne Municipal Airport,Hawthorne,US,1
HIB,Range Regional Airport,Hibbing,US,1
HID,Horn Island Airport,Horn,AU,1
HII,Lake Havasu City Airport,Lake Havasu City,US,1
HIN,Sacheon Airport / Sacheon Air Base,Sacheon,KR,1
HJJ,Huaihua Zhijiang Airport,Huaihua,CN,1
HJR,Khajuraho Airport,Khajuraho,IN,1
HKK,Hokitika Airfield,Hokitika Airfield,NZ,1
HKN,Hoskins Airport,Kimbe,PG,1
HLE,Saint Helena International Airport,Jamestown,SH,1
HLN,Helena Regional Airport,Helena,US,1
HLZ,Hamilton International Airport,Hamilton,NZ,1
HMA,Khanty Mansiysk Airport,Khanty-Mansiysk,RU,1
HME,Hassi Messaoud-Oued Irara Krim Belkacem Airport,Hassi Messaoud,DZ,1
HMI,Hami Airport,Hami,CN,1
HNA,Iwate Hanamaki Airport,Hanamaki,JP,1
HNM,Hana Airport,Hana,US,1
HNS,Haines Airport,Haines,US,1
HOB,Lea County Regional Airport,Hobbs,US,1
HOI,Hao Airport,Otepa,PF,1
HOM,Homer Airport,Homer,US,1
HOR,Horta Airport,Horta,PT,1
HOT,Memorial Field Airport,Hot Springs,US,1
HOV,"Ørsta-Volda Airport, Hovden",Ørsta,NO,1
HPA,Lifuka Island Airport,Lifuka,TO,1
HPG,Shennongjia Hongping Airport,Shennongjia (Hongping),CN,1
HPN,Westchester County Airport,White Plains,US,1
HQL,Tashikuergan Hongqilafu Airport,Tashikuergan,CN,1
HRI,Mattala Rajapaksa International Airport,Mattala,LK,1
HRL,Valley International Airport,Harlingen,US,1
HRO,Boone County Airport,Harrison,US,1
HSC,Shaoguan Danxia Airport,Shaoguan,CN,1
HSL,Huslia Airport,Huslia,US,1
HSV,Huntsville International Airport,Huntsville,US,1
HTG,Khatanga Airport,Khatanga,RU,1
HTI,Hamilton Island Airport,Hamilton Island,AU,1
HTN,Hotan Airport,Hotan,CN,1
HTS,Tri-State Airport / Milton J. Ferguson Field,Huntington,US,1
HTT,Huatugou Airport,Mengnai,CN,1
HTY,Hatay Airport,Antakya,TR,1
HUH,Huahine-Fare Airport,Fare,PF,1
HUO,Holingol Huolinhe Airport,Holingol,CN,1
HUU,Alferez Fap David Figueroa Fernandini Airport,Huánuco,PE,1
HUY,Humberside Airport,"Grimsby, Lincolnshire",GB,1
HUZ,Huizhou Pingtan Airport,Huizhou (Pingtan),CN,1
HVB,Hervey Bay Airport,Hervey Bay,AU,1
HVD,Khovd Airport,Khovd,MN,1
HVG,"Honningsvåg Airport, Valan",Honningsvåg,NO,1
HVN,Tweed New Haven Airport,New Haven,US,1
HVR,Havre City County Airport,Havre,US,1
HXD,Haixi Delingha Airport,Delingha,CN,1
HYA,Cape Cod Gateway Airport,Hyannis,US,1
HYN,Taizhou Luqiao Airport,Taizhou (Luqiao),CN,1
HYS,Hays Regional Airport,Hays,US,1
HZA,Heze Mudan Airport,Heze (Dingtao),CN,1
HZG,Hanzhong Chenggu Airport,Hanzhong (Chenggu),CN,1
HZH,Liping Airport,Liping,CN,1
IAA,Igarka Airport,Igarka,RU,1
IAG,Niagara Falls International Airport,Niagara Falls,US,1
IAM,Zarzaitine - In Aménas Airport,In Aménas,DZ,1
IAN,Bob Baker Memorial Airport,Kiana,US,1
IBA,Ibadan Airport,Ibadan,NG,1
IBE,Perales Airport,Ibagué,CO,1
ICT,Wichita Dwight D. Eisenhower National Airport,Wichita,US,1
IDA,Idaho Falls Regional Airport,Idaho Falls,US,1
IEG,Zielona Góra-Babimost Airport,Nowe Kramsko,PL,1
IFJ,Ísafjörður Airport,Ísafjörður,IS,1
IGA,Inagua Airport,Matthew Town,BS,1
IGD,Iğdır Airport,Iğdır,TR,1
IGR,Cataratas Del Iguazú International Airport,Puerto Iguazu,AR,1
IGT,Magas Airport,Sunzha,RU,1
IJK,Izhevsk Airport,Izhevsk,RU,1
IKG,Karakol International Airport,Karakol,KG,1
IKI,Iki Airport,Iki,JP,1
IKS,Tiksi Airport,Tiksi,RU,1
ILD,Lleida-Alguaire Airport,Lleida,ES,1
ILG,Wilmington Airport,Wilmington,US,1
ILI,Iliamna Airport,Iliamna,US,1
ILM,Wilmington International Airport,Wilmington,US,1
ILP,Île des Pins Airport,Île des Pins,NC,1
ILQ,General Jorge Fernandez Maldon Airport,Ilo,PE,1
ILS,Ilopango International Airport,San Salvador,SV,1
ILY,Islay Airport,"Isle of Islay, Argyll and Bute",GB,1
IMP,Prefeito Renato Moreira Airport,Imperatriz,BR,1
IMT,Ford Airport,Kingsford,US,1
INH,Inhambane Airport,Inhambane,MZ,1
INL,Falls International Airport,International Falls,US,1
INU,Nauru International Airport,Yaren,NR,1
INV,Inverness Airport,Inverness,GB,1
INZ,In Salah Airport,In Salah,DZ,1
IOA,Ioannina King Pyrrhus National Airport,Ioannina,GR,1
IOS,Bahia - Jorge Amado Airport,Ilhéus,BR,1
IPI,San Luis Airport,Ipiales,CO,1
IPL,Imperial County Airport,Imperial,US,1
IPN,Usiminas Airport,Ipatinga,BR,1
IPT,Williamsport Regional Airport,Williamsport,US,1
IQM,Qiemo Yudu Airport,Qiemo,CN,1
IQN,Qingyang Xifeng Airport,Qingyang (Xifeng),CN,1
IRG,Lockhart River Airport,Lockhart River,AU,1
IRJ,Capitan V A Almonacid Airport,La Rioja,AR,1
IRK,Kirksville Regional Airport,Kirksville,US,1
IRP,Matari Airport,Isiro,CD,1
ISA,Mount Isa Airport,Mount Isa,AU,1
ISE,Süleyman Demirel International Airport,Isparta,TR,1
ISG,New Ishigaki Airport,Ishigaki,JP,1
ISP,Long Island MacArthur Airport,Islip,US,1
ISU,Jalal Talabani International Airport,Sulaymaniyah,IQ,1
ITB,Itaituba Airport,Itaituba,BR,1
ITH,Ithaca Tompkins Regional Airport,Ithaca,US,1
ITO,Hilo International Airport,Hilo,US,1
IUE,Niue International Airport,Alofi,NU,1
IVC,Invercargill Airport,Invercargill,NZ,1
IWA,Ivanovo South Airport,Ivanovo,RU,1
IWJ,Iwami Airport,Masuda,JP,1
IWK,Iwakuni Kintaikyo Airport,Iwakuni,JP,1
IXA,Agartala - Maharaja Bir Bikram Airport,Agartala,IN,1
IXD,Prayagraj Airport,Allahabad,IN,1
IXG,Belagavi Airport,Belgaum,IN,1
IXI,Lilabari North Lakhimpur Airport,Lilabari,IN,1
IXJ,Jammu Airport,Jammu,IN,1
IXK,Keshod Airport,Keshod,IN,1
IXL,Leh Kushok Bakula Rimpochee Airport,Leh,IN,1
IXM,Madurai Airport,Madurai,IN,1
IXP,Pathankot Airport,Pathankot,IN,1
IXR,Birsa Munda Airport,Ranchi,IN,1
IXS,Silchar Airport,Silchar,IN,1
IXU,Aurangabad Airport,Aurangabad,IN,1
IXY,Kandla Airport,Kandla,IN,1
IZA,Presidente Itamar Franco Airport,Juiz de Fora,BR,1
IZO,Izumo Enmusubi Airport,Izumo,JP,1
IZT,General Antonio Cárdenas Rodríguez National Airport / Ixtepec Air Base,Ixtepec,MX,1
JAC,Jackson Hole Airport,Jackson,US,1
JAE,Shumba Airport,Jaén,PE,1
JAN,Jackson-Medgar Wiley Evers International Airport,Jackson,US,1
JAU,Francisco Carle Airport,Jauja,PE,1
JAV,Ilulissat Airport,Ilulissat,GL,1
JBQ,La Isabela International Airport,La Isabela,DO,1
JBR,Jonesboro Municipal Airport,Jonesboro,US,1
JDF,Francisco de Assis Airport,Juiz de Fora,BR,1
JDH,Jodhpur Airport,Jodhpur,IN,1
JDZ,Jingdezhen Luojia Airport,Jingdezhen,CN,1
JEE,Jérémie Airport,Carrefour Sanon,HT,1
JEG,Aasiaat Airport,Aasiaat,GL,1
JER,Jersey Airport,St. Peter,JE,1
JGA,Jamnagar Airport,Jamnagar,IN,1
JGD,Daxing'anling Elunchun Airport,Jiagedaqi,CN,1
JGS,Jinggangshan Airport,Ji'an,CN,1
JHM,Kapalua Airport,Lahaina,US,1
JHS,Sisimiut Airport,Sisimiut,GL,1
JIC,Jinchang Jinchuan Airport,Jinchang,CN,1
JIM,Jimma Airport,Jimma,ET,1
JIQ,Qianjiang Wulingshan Airport,Qianjiang,CN,1
JJD,Comandante Ariston Pessoa Airport,Cruz,BR,1
JJU,Qaqortoq Airport,Qaqortoq,GL,1
JKG,Jönköping Airport,Jönköping,SE,1
JKH,Chios Island National Airport,Chios Island,GR,1
JKR,Janakpur Airport,Janakpur,NP,1
JLN,Joplin Regional Airport,Joplin,US,1
JLR,Jabalpur Airport,Jabalpur,IN,1
JMJ,Lancang Jingmai Airport,Pu'er (Lancang),CN,1
JMK,Mykonos Island National Airport,Mykonos,GR,1
JMS,Jamestown Regional Airport,Jamestown,US,1
JMU,Jiamusi Songjiang International Airport,Jiamusi,CN,1
JNG,Jining Da'an Airport,Jining,CN,1
JNH,Jiaxing Nanhu Airport,"Xiuzhou, Hangzhou",CN,1
JNU,Juneau International Airport,Juneau,US,1
JNZ,Jinzhou Bay Airport,Jinzhou (Linghai),CN,1
JOE,Joensuu Airport,Joensuu,FI,1
JOG,Adisutjipto International Airport,Yogyakarta,ID,1
JOI,Lauro Carneiro de Loyola Airport,Joinville,BR,1
JOL,Jolo Airport,Jolo,PH,1
JOS,Yakubu Gowon Airport,Jos,NG,1
JRH,Jorhat Airport,Jorhat,IN,1
JSA,Jaisalmer Airport,Jaisalmer Airport,IN,1
JSH,Sitia Airport,Crete Island,GR,1
JSI,Skiathos Island National Airport,Skiathos,GR,1
JSJ,Jiansanjiang Shidi Airport,Jiansanjiang,CN,1
JSR,Jessore Airport,Jashore (Jessore),BD,1
JST,John Murtha Johnstown Cambria County Airport,Johnstown,US,1
JTC,Bauru/Arealva–Moussa Nakhal Tobias State Airport,Bauru,BR,1
JUZ,Quzhou Airport,Quzhou (Kezheng),CN,1
JXA,Jixi Xingkaihu Airport,Jixi,CN,1
JYV,Jyväskylä Airport,Jyväskylän Maalaiskunta,FI,1
JZH,Jiuzhai Huanglong Airport,Ngawa (Songpan),CN,1
KAB,Kariba Airport,Kariba,ZW,1
KAC,Qamishli International Airport,Qamishli,SY,1
KAI,Kaieteur Airport,Kaieteur Falls,GY,1
KAJ,Kajaani Airport,Kajaani,FI,1
KAO,Kuusamo Airport,Kuusamo,FI,1
KAT,Kaitaia Airport,Awanui,NZ,1
KAW,Kawthoung Airport,Kawthoung,MM,1
KBR,Sultan Ismail Petra Airport,Kota Baharu,MY,1
KCM,Kahramanmaraş Airport,Kahramanmaraş,TR,1
KCT,Koggala Airport,Galle,LK,1
KCY,Krasnoyarsk Cheremshanka Airport,Krasnoyarsk,RU,1
KDL,Kärdla Airport,Kärdla,EE,1
KDM,Kaadedhdhoo Airport,Huvadhu Atoll,MV,1
KDO,Kadhdhoo Airport,Kadhdhoo,MV,1
KEM,Kemi-Tornio Airport,Kemi / Tornio,FI,1
KEP,Nepalgunj Airport,Nepalgunj,NP,1
KET,Kengtung Airport,Kengtung,MM,1
KFS,Kastamonu Airport,Kastamonu,TR,1
KGA,Kananga Airport,Kananga,CD,1
KGC,Kingscote Airport,Kingscote Airport,AU,1
KGI,Kalgoorlie Boulder Airport,Broadwood,AU,1
KGP,Kogalym International Airport,Kogalym,RU,1
KGT,Kangding Airport,Garzê (Kangding),CN,1
KHD,Khoram Abad Airport,Khoram Abad Airport,IR,1
KHK,Khark Airport,Khark,IR,1
KHS,Khasab Airport,Khasab,OM,1
KHT,Khost International Airport,Khost,AF,1
KHV,Khabarovsk Novy Airport,Khabarovsk,RU,1
KHX,Savannah Airstrip,Kihihi,UG,1
KIR,Kerry Airport,Farranfore,IE,1
KJB,Kurnool Airport,Orvakal,IN,1
KJH,Kaili Huangping Airport,Kaili  (Huangping),CN,1
KJI,Burqin Kanas Airport,Burqin,CN,1
KJT,Kertajati International Airport,Kertajati,ID,1
KKC,Khon Kaen Airport,Khon Kaen,TH,1
KKE,Kerikeri Airport,Kerikeri,NZ,1
KKN,"Kirkenes Airport, Høybuktmoen",Kirkenes,NO,1
KKR,Kaukura Airport,Raitahiti,PF,1
KKS,Kashan Airport,Kashan,IR,1
KKW,Kikwit Airport,Kikwit,CD,1
KKX,Kikai Airport,Kikai,JP,1
KLH,Kolhapur Airport,Kolhapur,IN,1
KLR,Kalmar Airport,Kalmar,SE,1
KLW,Klawock Airport,Klawock,US,1
KLX,Kalamata Airport,Kalamata,GR,1
KMA,Kerema Airport,Kerema,PG,1
KMC,King Khaled Military City Airport,King Khaled Military City,SA,1
KME,Kamembe Airport,Kamembe,RW,1
KMW,Kostroma Sokerkino Airport,Kostroma,RU,1
KND,Kindu Airport,Kindu,CD,1
KNG,Utarom Airport,Kaimana,ID,1
KNH,Kinmen Airport,Shang-I,TW,1
KNQ,Koné Airport,Koné,NC,1
KNS,King Island Airport,King Island Airport,AU,1
KNU,Kanpur Airport,Kanpur,IN,1
KNX,East Kimberley Regional (Kununurra) Airport,Kununurra,AU,1
KOE,El Tari Airport,Kupang,ID,1
KOI,Kirkwall Airport,"Kirkwall, Orkney Islands",GB,1
KOK,Kokkola-Pietarsaari Airport,Kokkola / Kruunupyy,FI,1
KOP,Nakhon Phanom Airport,Nakhon Phanom,TH,1
KPO,Pohang Airport (G-815/K-3),Pohang,KR,1
KPW,Keperveem Airport,Keperveem,RU,1
KQH,Kishangarh Airport Ajmer,Ajmer (Kishangarh),IN,1
KRF,Kramfors-Sollefteå Höga Kusten Airport,Nyland,SE,1
KRL,Korla Licheng Airport,Korla,CN,1
KRO,Kurgan Airport,Kurgan,RU,1
KRP,Midtjyllands Airport / Air Base Karup,Karup,DK,1
KRW,Turkmenbaşy International Airport,Turkmenbaşy,TM,1
KSC,Košice International Airport,Košice,SK,1
KSD,Karlstad Airport,Karlstad,SE,1
KSH,Shahid Ashrafi Esfahani Airport,Kermanshah,IR,1
KSL,Kassala Airport,Kassala,SD,1
KSU,"Kristiansund Airport, Kvernberget",Kvernberget,NO,1
KSY,Kars Airport,Kars,TR,1
KSZ,Kotlas Airport,Kotlas,RU,1
KTA,Karratha Airport,Karratha,AU,1
KTD,Kitadaito Airport,Kitadaitōjima,JP,1
KTG,Rahadi Osman Airport,Ketapang,ID,1
KTN,Ketchikan International Airport,Ketchikan,US,1
KTP,Tinson Pen Airport,Tinson Pen,JM,1
KUA,Kuantan Airport,Kuantan,MY,1
KUH,Kushiro Airport,Kushiro,JP,1
KUM,Yakushima Airport,Yakushima,JP,1
KUS,Kulusuk Airport,Kulusuk,GL,1
KUU,Kullu Manali Airport,Bhuntar,IN,1
KUV,Gunsan Airport / Gunsan Air Base,Gunsan,KR,1
KVG,Kavieng Airport,Kavieng,PG,1
KVO,Morava Airport,Kraljevo,RS,1
KVX,Pobedilovo Airport,Kirov,RU,1
KWA,Bucholz Army Air Field,Kwajalein,MH,1
KWJ,Gwangju Airport,Gwangju,KR,1
KWM,Kowanyama Airport,Kowanyama,AU,1
KWZ,Kolwezi Airport,Kolwezi,CD,1
KXB,Sangia Nibandera Airport,Kolaka,ID,1
KXK,Komsomolsk-on-Amur Airport,Komsomolsk-on-Amur,RU,1
KYD,Lanyu Airport,Orchid Island,TW,1
KYP,Kyaukpyu Airport,Kyaukpyu,MM,1
KYS,Kayes Dag Dag Airport,Kayes,ML,1
KYZ,Kyzyl Airport,Kyzyl,RU,1
KZI,Kozani National Airport Filippos,Kozani,GR,1
KZR,Zafer Airport,Altıntaş,TR,1
LAF,Purdue University Airport,West Lafayette,US,1
LAJ,Lages Airport,Lages,BR,1
LAL,Lakeland Linder International Airport,Lakeland,US,1
LAN,Capital Region International Airport,Lansing,US,1
LAP,Manuel Márquez de León International Airport,La Paz,MX,1
LAR,Laramie Regional Airport,Laramie,US,1
LAU,Manda Airport,Lamu,KE,1
LAW,Lawton Fort Sill Regional Airport,Lawton,US,1
LBB,Lubbock Preston Smith International Airport,Lubbock,US,1
LBC,Lübeck Blankensee Airport,Lübeck,DE,1
LBE,Arnold Palmer Regional Airport,Latrobe,US,1
LBF,North Platte Regional Airport Lee Bird Field,North Platte,US,1
LBL,Liberal Mid-America Regional Airport,Liberal,US,1
LBS,Labasa Airport,Labasa,FJ,1
LBU,Labuan Airport,Labuan,MY,1
LCE,Golosón International Airport,La Ceiba,HN,1
LCG,A Coruña Airport,Culleredo,ES,1
LCH,Lake Charles Regional Airport,Lake Charles,US,1
LCK,Rickenbacker International Airport,Columbus,US,1
LCX,Liancheng Guanzhishan Airport,Longyan (Liancheng),CN,1
LCY,London City Airport,London,GB,1
LDB,Governor José Richa Airport,Londrina,BR,1
LDE,Tarbes-Lourdes-Pyrénées Airport,Tarbes/Lourdes/Pyrénées,FR,1
LDS,Yichun Lindu Airport,Yichun,CN,1
LDU,Lahad Datu Airport,Lahad Datu,MY,1
LDX,Saint-Laurent-du-Maroni Airport,Saint-Laurent-du-Maroni,GF,1
LDY,City of Derry Airport,"Derry, Derry and Strabane",GB,1
LEA,Learmonth Airport,Exmouth,AU,1
LEB,Lebanon Municipal Airport,Lebanon,US,1
LEI,Almería Airport,Almería,ES,1
LEN,León Airport,La Virgen del Camino,ES,1
LER,Leinster Airport,Leinster Airport,AU,1
LET,Alfredo Vásquez Cobo International Airport,Leticia,CO,1
LEU,Pirineus - la Seu d'Urgel Airport,La Seu d'Urgell Pyrenees and Andorra,ES,1
LEX,Blue Grass Airport,Lexington,US,1
LFM,Lamerd Airport,Lamerd,IR,1
LFQ,Linfen Yaodu Airport,Linfen (Yaodu),CN,1
LFT,Lafayette Regional Airport,Lafayette,US,1
LGG,Liège Airport,Grâce-Hollogne,BE,1
LGI,Deadman's Cay Airport,Deadman's Cay,BS,1
LHG,Lightning Ridge Airport,Lightning Ridge Airport,AU,1
LHL,Lachin International Airport,Lachin,AZ,1
LHS,Las Heras Airport,Las Heras,AR,1
LIF,Lifou Airport,Lifou,NC,1
LIG,Limoges Airport,Limoges/Bellegarde,FR,1
LIO,Limón International Airport,Limón,CR,1
LIT,Bill & Hillary Clinton National Airport/Adams Field,Little Rock,US,1
LIW,Loikaw Airport,Loikaw,MM,1
LKL,"Lakselv Airport, Banak",Lakselv,NO,1
LKN,Leknes Airport,Leknes,NO,1
LLF,Yongzhou Lingling Airport,Yongzhou,CN,1
LLV,Lüliang Dawu Airport,Lüliang,CN,1
LMM,Valle del Fuerte International Airport,Los Mochis,MX,1
LMN,Limbang Airport,Limbang,MY,1
LMP,Lampedusa Airport,Lampedusa,IT,1
LNJ,Lincang Boshang Airport,Lincang,CN,1
LNK,Lincoln Airport,Lincoln,US,1
LNL,Longnan Chengzhou Airport,Longnan (Cheng),CN,1
LNO,Leonora Airport,Leonora,AU,1
LNS,Lancaster Airport,Lancaster,US,1
LNY,Lanai Airport,Lanai City,US,1
LOE,Loei Airport,Loei Airport,TH,1
LOO,Laghouat - Molay Ahmed Medeghri Airport,Laghouat,DZ,1
LPF,Liupanshui Yuezhao Airport,Liupanshui (Zhongshan),CN,1
LPT,Lampang Airport,Lampang Airport,TH,1
LRD,Laredo International Airport,Laredo,US,1
LRE,Longreach Airport,Longreach,AU,1
LRH,La Rochelle Île de Ré Airport,La Rochelle,FR,1
LRR,Lar Airport,Lar,IR,1
LRU,Las Cruces International Airport,Las Cruces,US,1
LSC,La Florida Airport,La Serena-Coquimbo,CL,1
LSE,La Crosse Regional Airport,La Crosse,US,1
LSG,Leshan Airport,Leshan (Wutongqiao),CN,1
LSH,Lashio Airport,Lashio,MM,1
LSI,Sumburgh Airport,"Lerwick, Shetland",GB,1
LSP,Josefa Camejo International Airport,Paraguaná,VE,1
LSR,Alas Leuser Airport,Kutacane,ID,1
LST,Launceston Airport,Launceston (Western Junction),AU,1
LSY,Lismore Airport,Lismore,AU,1
LTD,Ghadames Airport,Ghadames,LY,1
LTI,Altai Airport,Altai,MN,1
LTK,Latakia International Airport,Latakia,SY,1
LTM,Lethem Airport,Lethem,GY,1
LTU,Murod Kond Airport,Latur,IN,1
LTX,Cotopaxi International Airport,Latacunga,EC,1
LUA,Tenzing-Hillary Airport,Lukla,NP,1
LUD,Luderitz Airport,Luderitz,NA,1
LUG,Lugano Airport,Agno,CH,1
LUK,Cincinnati Municipal Airport Lunken Field,Cincinnati,US,1
LUM,Dehong Mangshi International Airport,Dehong (Mangshi),CN,1
LUQ,Brigadier Mayor D Cesar Raul Ojeda Airport,San Luis,AR,1
LUR,Cape Lisburne LRRS Airport,Cape Lisburne,US,1
LUV,Karel Sadsuitubun Airport,Langgur,ID,1
LWB,Greenbrier Valley Airport,Lewisburg,US,1
LWS,Lewiston Nez Perce County Airport,Lewiston,US,1
LYC,Lycksele Airport,Lycksele,SE,1
LYH,Lynchburg Regional Airport - Preston Glenn Field,Lynchburg,US,1
LYI,Linyi Qiyang Airport,Linyi (Hedong),CN,1
LYR,"Svalbard Airport, Longyear",Longyearbyen,NO,1
LZG,Langzhong Gucheng Airport,Nanchong (Langzhong),CN,1
LZH,Liuzhou Bailian Airport / Bailian Air Base,Liuzhou (Liujiang),CN,1
LZN,Matsu Nangan Airport,Matsu (Nangan),TW,1
LZO,Luzhou Yunlong Airport,Luzhou (Yunlong),CN,1
LZY,Nyingchi Mainling Airport,Nyingchi (Mainling),CN,1
MAB,João Correa da Rocha Airport,Marabá,BR,1
MAF,Midland International Air and Space Port,Midland,US,1
MAG,Madang Airport,Madang,PG,1
MAK,Malakal International Airport,Malakal,SS,1
MAM,General Servando Canales International Airport,Matamoros,MX,1
MAQ,Mae Sot Airport,Mae Sot Airport,TH,1
MAS,Momote Airport,Manus Island,PG,1
MAU,Maupiti Airport,Maupiti Airport,PF,1
MAZ,Eugenio Maria De Hostos Airport,Mayaguez,PR,1
MBD,Mmabatho International Airport,Mafeking,ZA,1
MBE,Monbetsu Airport,Monbetsu,JP,1
MBI,Songwe Airport,Mbeya,TZ,1
MBS,MBS International Airport,Freeland,US,1
MBT,Moises R. Espinosa Airport,Masbate,PH,1
MBW,Melbourne Moorabbin Airport,Melbourne,AU,1
MBX,Maribor Edvard Rusjan Airport,Maribor,SI,1
MCE,Merced Regional Macready Field,Merced,US,1
MCG,McGrath Airport,McGrath,US,1
MCK,McCook Ben Nelson Regional Airport,McCook,US,1
MCN,Middle Georgia Regional Airport,Macon,US,1
MCP,Macapá - Alberto Alcolumbre International Airport,Macapá,BR,1
MCW,Mason City Municipal Airport,Mason City,US,1
MDG,Mudanjiang Hailang International Airport,Mudanjiang,CN,1
MDI,Makurdi Airport,Makurdi,NG,1
MDK,Mbandaka Airport,Mbandaka,CD,1
MDQ,Ástor Piazzola International Airport,Mar del Plata,AR,1
MDT,Harrisburg International Airport,Harrisburg,US,1
MDU,Mendi Airport,Mendi,PG,1
MEB,Melbourne Essendon Airport,Essendon Fields,AU,1
MEC,Eloy Alfaro International Airport,Manta,EC,1
MEE,Maré Airport,Maré,NC,1
MEG,Malanje Airport,Malanje,AO,1
MEH,Mehamn Airport,Mehamn,NO,1
MEI,Key Field / Meridian Regional Airport,Meridian,US,1
MEQ,Cut Nyak Dhien Airport,Kuala Pesisir,ID,1
MFE,McAllen Miller International Airport,McAllen,US,1
MFK,Matsu Beigan Airport,Matsu (Beigan),TW,1
MFR,Rogue Valley International-Medford Airport,Medford,US,1
MGB,Mount Gambier Airport,Mount Gambier,AU,1
MGC,Michigan City Municipal Airport,Michigan City,US,1
MGF,Regional de Maringá - Sílvio Name Júnior Airport,Maringá,BR,1
MGH,Margate Airport,Margate,ZA,1
MGM,Montgomery Regional (Dannelly Field) Airport,Montgomery,US,1
MGW,Morgantown Municipal Airport Walter L. (Bill) Hart Field,Morgantown,US,1
MGZ,Myeik Airport,Mkeik,MM,1
MHG,Mannheim-City Airport,Mannheim,DE,1
MHH,Leonard M. Thompson International Airport,Marsh Harbour,BS,1
MHK,Manhattan Regional Airport,Manhattan,US,1
MHQ,Mariehamn Airport,Mariehamn,FI,1
MHT,Manchester-Boston Regional Airport,Manchester,US,1
MHU,Mount Hotham Airport,Mount Hotham,AU,1
MIG,Mianyang Nanjiao Airport,Mianyang (Fucheng),CN,1
MII,Frank Miloye Milenkowichi–Marília State Airport,Marília,BR,1
MIM,Merimbula Airport,Merimbula,AU,1
MIR,Monastir Habib Bourguiba International Airport,Monastir,TN,1
MJF,"Mosjøen Airport, Kjærstad",Mosjøen,NO,1
MJK,Shark Bay Airport,Denham,AU,1
MJM,Mbuji Mayi Airport,Mbuji Mayi,CD,1
MJT,Mytilene International Airport,Mytilene,GR,1
MJZ,Mirny Airport,Mirny,RU,1
MKG,Muskegon County Airport,Muskegon,US,1
MKK,Molokai Airport,Kaunakakai,US,1
MKL,McKellar-Sipes Regional Airport,Jackson,US,1
MKM,Mukah Airport,Mukah,MY,1
MKP,Makemo Airport,Makemo,PF,1
MKQ,Mopah International Airport,Merauke,ID,1
MKR,Meekatharra Airport,Meekatharra Airport,AU,1
MKU,Makokou Airport,Makokou,GA,1
MKW,Rendani Airport,Manokwari,ID,1
MKY,Mackay Airport,Mackay,AU,1
MKZ,Malacca International Airport,Malacca,MY,1
MLB,Melbourne Orlando International Airport,Melbourne,US,1
MLG,Abdul Rachman Saleh Airport,Malang,ID,1
MLI,Quad City International Airport,Moline,US,1
MLN,Melilla Airport,Melilla,ES,1
MLU,Monroe Regional Airport,Monroe,US,1
MLW,Spriggs Payne Airport,Monrovia,LR,1
MLX,Malatya Erhaç Airport,Malatya,TR,1
MMB,Memanbetsu Airport,Ōzora,JP,1
MMD,Minamidaito Airport,Minamidaito,JP,1
MME,Teesside International Airport,"Darlington, Durham",GB,1
MMG,Mount Magnet Airport,Mount Magnet Airport,AU,1
MMH,Mammoth Yosemite Airport,Mammoth Lakes,US,1
MMJ,Shinshu-Matsumoto Airport,Matsumoto,JP,1
MMO,Maio Airport,Vila do Maio,CV,1
MMY,Miyako Airport,Miyakojima,JP,1
MNC,Nacala International Airport,Nacala,MZ,1
MNG,Maningrida Airport,Maningrida,AU,1
MNJ,Mananjary Airport,Mananjary,MG,1
MNX,Manicoré Airport,Manicoré,BR,1
MOB,Mobile Regional Airport,Mobile,US,1
MOC,Mário Ribeiro Airport,Montes Claros,BR,1
MOG,Mong Hsat Airport,Mong Hsat,MM,1
MOL,"Molde Airport, Årø",Årø,NO,1
MOQ,Morondava Airport,Morondava,MG,1
MOT,Minot International Airport,Minot,US,1
MOV,Moranbah Airport,Moranbah,AU,1
MOZ,Moorea Temae Airport,Moorea-Maiao,PF,1
MPA,Katima Mulilo Airport,Mpacha,NA,1
MPH,Godofredo P. Ramos Airport,Caticlan,PH,1
MPN,Mount Pleasant Airport / RAF Mount Pleasant,Mount Pleasant,FK,1
MPY,Maripasoula Airport,Maripasoula,GF,1
MQJ,Moma Airport,Khonuu,RU,1
MQL,Mildura Airport,Mildura,AU,1
MQM,Mardin Airport,Mardin,TR,1
MQN,"Mo i Rana Airport, Røssvoll",Mo i Rana,NO,1
MQS,Mustique Airport,Lovell,VC,1
MQT,Marquette Sawyer Regional Airport,Gwinn,US,1
MQX,Mekele Alula Aba Nega Airport,Mekele,ET,1
MRE,Mara Serena Lodge Airstrip,Serena,KE,1
MRI,Merrill Field,Anchorage,US,1
MRX,Mahshahr Airport,Mahshahr,IR,1
MRY,Monterey Regional Airport,Monterey,US,1
MRZ,Moree Airport,Moree,AU,1
MSJ,Misawa Airport / Misawa Air Base,Misawa,JP,1
MSL,Northwest Alabama Regional Airport,Muscle Shoals,US,1
MSN,Dane County Regional Truax Field,Madison,US,1
MSO,Missoula Montana Airport,Missoula,US,1
MSR,Muş Airport,Muş,TR,1
MSS,Massena International Airport Richards Field,Massena,US,1
MSZ,Welwitschia Mirabilis International Airport,Moçâmedes,AO,1
MTJ,Montrose Regional Airport,Montrose,US,1
MTR,Los Garzones Airport,Montería,CO,1
MTT,Minatitlán/Coatzacoalcos International Airport,Cosoleacaque,MX,1
MUA,Munda Airport,Munda,SB,1
MUE,Waimea Kohala Airport,Waimea (Kamuela),US,1
MUN,José Tadeo Monagas International Airport,Maturín,VE,1
MUR,Marudi Airport,Marudi,MY,1
MVB,M'Vengue El Hadj Omar Bongo Ondimba International Airport,Franceville,GA,1
MVF,Dix-Sept Rosado Airport,Mossoró,BR,1
MVP,Fabio Alberto Leon Bentley Airport,Mitú,CO,1
MVQ,Mogilev Airport,Mogilev,BY,1
MVR,Salak Airport,Maroua,CM,1
MVT,Mataiva Airport,Mataiva Airport,PF,1
MWA,Veterans Airport of Southern Illinois,Marion,US,1
MWL,Mineral Wells Regional Airport,Mineral Wells,US,1
MXL,General Rodolfo Sánchez Taboada International Airport,Mexicali,MX,1
MXV,Mörön Airport,Mörön,MN,1
MXX,Mora Airport,Mora,SE,1
MYA,Moruya Airport,Moruya,AU,1
MYD,Malindi International Airport,Malindi,KE,1
MYE,Miyakejima Airport,Miyakejima,JP,1
MYG,Mayaguana Airport,Abraham Bay Settlement,BS,1
MYL,McCall Municipal Airport,McCall,US,1
MYP,Mary International Airport,Mary,TM,1
MYQ,Mysore Airport,Mysore,IN,1
MYT,Myitkyina Airport,Myitkyina,MM,1
MYU,Mekoryuk Airport,Mekoryuk,US,1
MYW,Mtwara Airport,Mtwara,TZ,1
MYY,Miri Airport,Miri,MY,1
MZH,Amasya Merzifon Airport,Amasya,TR,1
MZI,Mopti Airport,Sévaré,ML,1
MZL,La Nubia Airport,Manizales,CO,1
MZO,Sierra Maestra International Airport,Manzanillo,CU,1
MZQ,Mkuze Airport,Mkuze,ZA,1
MZS,Moradabad Airport,Moradabad,IN,1
MZV,Mulu Airport,Mulu,MY,1
MZW,Mecheria Airport,Mecheria,DZ,1
NAA,Narrabri Airport,Narrabri,AU,1
NAH,Naha Airport,"Tabukan Utara, Sangihe Islands",ID,1
NAL,Nalchik Airport,Nalchik,RU,1
NAM,Namniwel Airport,Namniwel,ID,1
NAQ,Qaanaaq Airport,Qaanaaq,GL,1
NAW,Narathiwat Airport,Narathiwat Airport,TH,1
NBC,Begishevo Airport,Nizhnekamsk,RU,1
NBE,Enfidha - Hammamet International Airport,Enfidha,TN,1
NBS,Changbaishan Airport,Baishan,CN,1
NCA,North Caicos Airport,North Caicos,TC,1
NCY,Annecy Meythet airport,Annecy,FR,1
NDC,Nanded Airport,Nanded,IN,1
NDU,Rundu Airport,Rundu,NA,1
NEC,Necochea Airport,Necochea,AR,1
NER,Chulman Airport,Neryungri,RU,1
NEV,Vance W. Amory International Airport,Charlestown,KN,1
NGE,N'Gaoundéré Airport,N'Gaoundéré,CM,1
NGQ,Ngari Gunsa Airport,Shiquanhe,CN,1
NHV,Nuku Hiva Airport,Nuku Hiva,PF,1
NKM,Nagoya Airport / JASDF Komaki Air Base,Nagoya,JP,1
NKT,Şırnak Şerafettin Elçi Airport,Şırnak,TR,1
NLD,Quetzalcóatl International Airport,Nuevo Laredo,MX,1
NLH,Ninglang Luguhu Airport,Ninglang,CN,1
NLI,Nikolayevsk-na-Amure Airport,Nikolayevsk-na-Amure Airport,RU,1
NLK,Norfolk Island International Airport,Burnt Pine,NF,1
NLT,Xinyuan Nalati Airport,Xinyuan,CN,1
NMF,Maafaru International Airport,Noonu Atoll,MV,1
NNM,Naryan Mar Airport,Naryan Mar,RU,1
NNT,Nan Airport,Nan Airport,TH,1
NOB,Nosara Airport,Nicoya,CR,1
NOJ,Noyabrsk Airport,Noyabrsk,RU,1
NOP,Sinop Airport,Sinop,TR,1
NOV,Albano Machado Airport,Huambo,AO,1
NOZ,Spichenkovo Airport,Novokuznetsk,RU,1
NPE,Hawke's Bay Airport,Napier,NZ,1
NPL,New Plymouth Airport,New Plymouth,NZ,1
NPO,Nanga Pinoh Airport,Nanga Pinoh-Borneo Island,ID,1
NPT,Newport State Airport,Newport,US,1
NQY,Cornwall Airport Newquay,Newquay,GB,1
NRA,Narrandera Airport,Narrandera,AU,1
NRK,Norrköping Airport,Norrköping,SE,1
NRR,José Aponte de la Torre Airport,Ceiba,PR,1
NSH,Nowshahr Airport,Nowshahr,IR,1
NSN,Nelson Airport,Nelson,NZ,1
NST,Nakhon Si Thammarat Airport,Nakhon Si Thammarat,TH,1
NTG,Nantong Xingdong International Airport,Nantong (Tongzhou),CN,1
NTN,Normanton Airport,Normanton,AU,1
NTQ,Noto Satoyama Airport,Wajima,JP,1
NTX,Ranai Airport,Ranai-Natuna Besar Island,ID,1
NUI,Nuiqsut Airport,Nuiqsut,US,1
NUX,Novy Urengoy Airport,Novy Urengoy,RU,1
NVA,Benito Salas Airport,Neiva,CO,1
NVI,Navoi International Airport,Navoi,UZ,1
NWI,Norwich Airport,"Norwich, Norfolk",GB,1
NYA,Nyagan Airport,Nyagan,RU,1
NYI,Sunyani Airport,Sunyani,GH,1
NYK,Nanyuki Civil Airport,Gathiuru,KE,1
NYM,Nadym Airport,Nadym,RU,1
NZC,Maria Reiche Neuman Airport,Nazca,PE,1
NZH,Manzhouli Xijiao Airport,Manzhouli,CN,1
NZL,Zhalantun Genghis Khan Airport,Zhalantun,CN,1
OAJ,Albert J Ellis Airport,Richlands,US,1
OBO,Tokachi-Obihiro Airport,Obihiro,JP,1
OCC,Francisco De Orellana Airport,Coca,EC,1
OCE,Ocean City Municipal Airport,Ocean City,US,1
OCJ,Ian Fleming International Airport,Boscobel,JM,1
ODB,Córdoba Airport,Córdoba,ES,1
OER,Örnsköldsvik Airport,Örnsköldsvik,SE,1
OGD,Ogden Hinckley Airport,Ogden,US,1
OGL,Eugene F. Correia International Airport,Ogle,GY,1
OGN,Yonaguni Airport,Yonaguni,JP,1
OGS,Ogdensburg International Airport,Ogdensburg,US,1
OGU,Ordu–Giresun Airport,Ordu,TR,1
OGX,Ain Beida Airport,Ouargla,DZ,1
OGZ,Vladikavkaz Beslan International Airport,Beslan,RU,1
OHE,Mohe Gulian Airport,Mohe,CN,1
OHO,Okhotsk Airport,Okhotsk,RU,1
OIM,Oshima Airport,Izu Oshima,JP,1
OIR,Okushiri Airport,Okushiri Island,JP,1
OIT,Oita Airport,Oita,JP,1
OKD,Sapporo Okadama Airport,Sapporo,JP,1
OKE,Okinoerabu Airport,Wadomari,JP,1
OKI,Oki Global Geopark Airport,Okinoshima,JP,1
OKL,Oksibil Airport,Oksibil,ID,1
OKY,Oakey Army Aviation Centre,Oakey Army Aviation Centre,AU,1
OLA,Ørland Airport,Ørland,NO,1
OLF,L M Clayton Airport,Wolf Point,US,1
OLM,Olympia Regional Airport,Olympia,US,1
OLZ,Olyokminsk Airport,Olyokminsk,RU,1
OMD,Oranjemund Airport,Oranjemund,NA,1
OME,Nome Airport,Nome,US,1
OMH,Urmia Airport,Urmia,IR,1
OMN,Zomin Airport,Zomin,UZ,1
OND,Ondangwa Airport,Ondangwa,NA,1
ONJ,Odate Noshiro Airport,Kitaakita,JP,1
ONQ,Zonguldak Çaycuma Airport,Zonguldak,TR,1
ONX,Enrique Adolfo Jimenez Airport,Colón,PA,1
OOM,Cooma Snowy Mountains Airport,Cooma,AU,1
OPF,Miami-Opa Locka Executive Airport,Miami,US,1
OPU,Balimo Airport,Balimo,PG,1
ORB,Örebro Airport,Örebro,SE,1
ORH,Worcester Regional Airport,Worcester,US,1
ORT,Northway Airport,Northway,US,1
OSD,Åre Östersund Airport,Östersund,SE,1
OSI,Osijek Airport,Osijek(Klisa),HR,1
OSW,Orsk Airport,Orsk,RU,1
OTH,Southwest Oregon Regional Airport,North Bend,US,1
OTZ,Ralph Wien Memorial Airport,Kotzebue,US,1
OUZ,Tazadit Airport,Zouérate,MR,1
OVS,Sovetskiy Airport,Sovetskiy,RU,1
OWB,Owensboro Daviess County Airport,Owensboro,US,1
OYE,Oyem Airport,Oyem,GA,1
OZC,Labo Airport,Ozamiz,PH,1
PAB,Bilaspur Airport,Bilaspur,IN,1
PAC,Marcos A. Gelabert International Airport,Albrook,PA,1
PAE,Seattle Paine Field International Airport,Everett,US,1
PAG,Pagadian Airport,Pagadian,PH,1
PAH,Barkley Regional Airport,Paducah,US,1
PAT,Jay Prakash Narayan Airport,Patna,IN,1
PAV,Paulo Afonso Airport,Paulo Afonso,BR,1
PAZ,El Tajín National Airport,Poza Rica,MX,1
PBD,Porbandar Airport,Porbandar,IN,1
PBG,Plattsburgh International Airport,Plattsburgh,US,1
PBO,Paraburdoo Airport,Paraburdoo,AU,1
PBR,Puerto Barrios Airport,Puerto Barrios,GT,1
PBU,Putao Airport,Putao,MM,1
PCP,Principe Airport,São Tomé & Príncipe,ST,1
PCR,German Olano Airport,Puerto Carreño,CO,1
PDA,Obando Cesar Gaviria Trujillo Airport,Puerto Inírida,CO,1
PDK,DeKalb Peachtree Airport,Atlanta,US,1
PDO,Pendopo Airport,Talang Gudang-Sumatra Island,ID,1
PDP,Capitan Corbeta CA Curbelo International Airport,Punta del Este,UY,1
PDS,Piedras Negras International Airport,Piedras Negras,MX,1
PDT,Eastern Oregon Regional Airport at Pendleton,Pendleton,US,1
PEI,Matecaña International Airport,Pereira,CO,1
PEM,Padre Aldamiz International Airport,Puerto Maldonado,PE,1
PES,Petrozavodsk Airport,Petrozavodsk,RU,1
PET,João Simões Lopes Neto International Airport,Pelotas,BR,1
PEX,Pechora Airport,Pechora,RU,1
PEZ,Penza Airport,Penza,RU,1
PFB,Lauro Kurtz Airport,Passo Fundo,BR,1
PGA,Page Municipal Airport,Page,US,1
PGD,Punta Gorda Airport,Punta Gorda,US,1
PGF,Perpignan-Rivesaltes (Llabanère) Airport,Perpignan/Rivesaltes,FR,1
PGH,Pantnagar Airport,Pantnagar,IN,1
PGK,Depati Amir Airport,Pangkal Pinang,ID,1
PGU,Persian Gulf International Airport,Khiyaroo,IR,1
PGV,Pitt-Greenville Airport,Greenville,US,1
PGZ,Ponta Grossa Airport - Comandante Antonio Amilton Beraldo,Ponta Grossa,BR,1
PHB,Parnaíba - Prefeito Doutor João Silva Filho International Airport,Parnaíba,BR,1
PHF,Newport News Williamsburg International Airport,Newport News,US,1
PHG,Port Harcourt City Airport / Port Harcourt Air Force Base,Port Harcourt,NG,1
PHS,Phitsanulok Airport,Phitsanulok,TH,1
PHW,Hendrik Van Eck Airport,Phalaborwa,ZA,1
PHY,Phetchabun Airport,Phetchabun Airport,TH,1
PIA,General Wayne A. Downing Peoria International Airport,Peoria,US,1
PIB,Hattiesburg Laurel Regional Airport,Moselle,US,1
PIH,Pocatello Regional Airport,Pocatello,US,1
PIR,Pierre Regional Airport,Pierre,US,1
PIS,Poitiers-Biard Airport,Poitiers/Biard,FR,1
PIU,PAF Captain Guillermo Concha Iberico International Airport,Piura,PE,1
PIX,Pico Airport,Pico Island,PT,1
PIZ,Point Lay LRRS Airport,Point Lay,US,1
PJM,Puerto Jimenez Airport,Puerto Jimenez,CR,1
PKB,Mid Ohio Valley Regional Airport,Parkersburg (Williamstown),US,1
PKE,Parkes Airport,Parkes,AU,1
PKR,Pokhara Domestic Airport,Pokhara,NP,1
PKU,Sultan Syarif Kasim II International Airport / Roesmin Nurjadin AFB,Pekanbaru,ID,1
PKV,Princess Olga Pskov International Airport,Pskov,RU,1
PKY,Tjilik Riwut Airport,Palangkaraya,ID,1
PLJ,Placencia Airport,Placencia,BZ,1
PLM,Sultan Mahmud Badaruddin II Airport,Palembang,ID,1
PLN,Pellston Regional Airport of Emmet County Airport,Pellston,US,1
PLO,Port Lincoln Airport,Port Lincoln,AU,1
PLW,Mutiara - SIS Al-Jufrie Airport,Palu,ID,1
PMF,Parma Airport,Parma (PR),IT,1
PMG,Ponta Porã Airport,Ponta Porã,BR,1
PMQ,Perito Moreno Jalil Hamer Airport,Perito Moreno,AR,1
PMR,Palmerston North Airport,Palmerston North,NZ,1
PMW,Brigadeiro Lysias Rodrigues Airport,Palmas,BR,1
PMY,El Tehuelche Airport,Puerto Madryn,AR,1
PNA,Pamplona Airport,Pamplona,ES,1
PNI,Pohnpei International Airport,Pohnpei Island,FM,1
PNL,Pantelleria Airport,Pantelleria (TP),IT,1
PNP,Girua Airport,Popondetta,PG,1
PNT,Lieutenant Julio Gallardo Airport,Puerto Natales,CL,1
PNY,Pondicherry Airport,Puducherry (Pondicherry),IN,1
PNZ,Senador Nilo Coelho Airport,Petrolina,BR,1
POL,Pemba Airport,Pemba,MZ,1
POP,Gregorio Luperon International Airport,Puerto Plata,DO,1
POR,Pori Airport,Pori,FI,1
PPB,Presidente Prudente Airport,Presidente Prudente,BR,1
PPN,Guillermo León Valencia Airport,Popayán,CO,1
PPP,Proserpine Whitsunday Coast Airport,Proserpine,AU,1
PQI,Presque Isle International Airport,Presque Isle,US,1
PQQ,Port Macquarie Airport,Port Macquarie,AU,1
PRA,General Urquiza Airport,Parana,AR,1
PRC,Prescott Regional Airport - Ernest A. Love Field,Prescott,US,1
PRI,Praslin Island Airport,Praslin Island,SC,1
PRM,Portimão Airport,Portimão,PT,1
PSC,Tri Cities Airport,Pasco,US,1
PSE,Mercedita International Airport,Ponce,PR,1
PSG,Petersburg James A Johnson Airport,Petersburg,US,1
PSM,Portsmouth International Airport at Pease,Portsmouth,US,1
PSO,Antonio Nariño Airport,Chachagüí,CO,1
PSS,Libertador Gral D Jose De San Martin Airport,Posadas,AR,1
PSU,Pangsuma Airport,Putussibau-Borneo Island,ID,1
PSZ,Capitán Av. Salvador Ogaya G. airport,Puerto Suárez,BO,1
PTH,Port Heiden Airport,Port Heiden,US,1
PTJ,Portland Airport,Portland Airport,AU,1
PTU,Platinum Airport,Platinum,US,1
PUB,Pueblo Memorial Airport,Pueblo,US,1
PUD,Puerto Deseado Airport,Puerto Deseado,AR,1
PUF,Pau Pyrénées Airport,Pau/Pyrénées (Uzein),FR,1
PUG,Port Augusta Airport,Port Augusta Airport,AU,1
PUU,Tres De Mayo Airport,Puerto Asís,CO,1
PUW,Pullman-Moscow Regional Airport,Pullman,US,1
PUZ,Puerto Cabezas Airport,Puerto Cabezas,NI,1
PVA,El Embrujo Airport,Providencia,CO,1
PVK,Aktion National Airport,Preveza,GR,1
PVU,Provo Municipal Airport,Provo,US,1
PWE,Pevek Airport,Apapelgino,RU,1
PXM,Puerto Escondido International Airport,Puerto Escondido,MX,1
PXO,Porto Santo Airport,Vila Baleira,PT,1
PXR,Surin Airport,Surin,TH,1
PXU,Pleiku Airport,Pleiku,VN,1
PYJ,Polyarny Airport,Yakutia,RU,1
PZB,Pietermaritzburg Airport,Pietermaritzburg,ZA,1
PZH,Zhob Airport,Fort Sandeman,PK,1
PZI,Panzhihua Bao'anying Airport,Panzhihua (Renhe),CN,1
QBC,Bella Coola Airport,Bella Coola,CA,1
QOW,Sam Mbakwe International Cargo Airport,Owerri,NG,1
QRW,Warri Airport,Okpe,NG,1
QSF,Ain Arnat Airport,Sétif,DZ,1
QSR,Salerno Costa d'Amalfi Airport,Salerno,IT,1
QSZ,Shache Airport,Shache,CN,1
QUO,Akwa Ibom International Airport,Uyo,NG,1
RAB,Tokua Airport,Kokopo,PG,1
RAE,Arar Domestic Airport,Arar,SA,1
RAH,Rafha Domestic Airport,Rafha,SA,1
RAO,Leite Lopes Airport,Ribeirão Preto,BR,1
RAP,Rapid City Regional Airport,Rapid City,US,1
RAS,Sardar-e-Jangal Airport,Rasht,IR,1
RBY,Ruby Airport,Ruby,US,1
RCB,Richards Bay Airport,Richards Bay,ZA,1
RCH,Almirante Padilla Airport,Riohacha,CO,1
RDD,Redding Municipal Airport,Redding,US,1
RDM,Roberts Field,Redmond,US,1
RDO,Warsaw Radom Airport,Radom,PL,1
RDP,Kazi Nazrul Islam Airport,Durgapur,IN,1
RDZ,Rodez–Aveyron Airport,Rodez/Marcillac,FR,1
REG,Reggio Calabria Airport,Reggio Calabria,IT,1
REL,Almirante Marco Andres Zar Airport,Rawson,AR,1
REN,Orenburg Central Airport,Orenburg,RU,1
RER,Retalhuleu Airport,Retalhuleu,GT,1
REW,"Rewa Airport, Chorhata, REWA",Rewa,IN,1
REX,General Lucio Blanco International Airport,Reynosa,MX,1
RFD,Chicago Rockford International Airport,Chicago/Rockford,US,1
RFP,Raiatea Airport,Uturoa,PF,1
RGA,Gobernador Ramón Trejo Noel International Airport,Rio Grande,AR,1
RGI,Rangiroa Airport,Rangiroa Airport,PF,1
RGO,Orang (Chongjin) Airport,Hoemun-ri,KP,1
RHD,Termas de Río Hondo international Airport,Termas de Río Hondo,AR,1
RHI,Rhinelander Oneida County Airport,Rhinelander,US,1
RIA,Santa Maria Airport,Santa Maria,BR,1
RIB,Capitán Av. Selin Zeitun Lopez Airport,Riberalta,BO,1
RIS,Rishiri Airport,Rishiri,JP,1
RIW,Central Wyoming Regional Airport,Riverton,US,1
RIZ,Rizhao Shanzihe Airport,Rizhao (Donggang),CN,1
RJA,Rajahmundry Airport,Madhurapudi,IN,1
RJH,Shah Makhdum Airport,Rajshahi,BD,1
RJL,Logroño-Agoncillo Airport,Logroño,ES,1
RJN,Rafsanjan Airport,Rafsanjan,IR,1
RKD,Knox County Regional Airport,Rockland,US,1
RKE,Copenhagen Roskilde Airport,Roskilde,DK,1
RKS,Southwest Wyoming Regional Airport,Rock Springs,US,1
RKV,Reykjavík Domestic Airport,Reykjavík,IS,1
RLG,Rostock-Laage Airport,Laage,DE,1
RLK,Bayannur Tianjitai Airport,Bayannur,CN,1
RMA,Roma Airport,Roma,AU,1
RMZ,Tobolsk Remezov Airport,Tobolsk,RU,1
RNB,Ronneby Airport,Ronneby,SE,1
RNJ,Yoron Airport,Yoron,JP,1
RNN,Bornholm Airport,Rønne,DK,1
RNS,Rennes-Saint-Jacques Airport,"Saint-Jacques-de-la-Lande, Ille-et-Vilaine",FR,1
ROA,Roanoke–Blacksburg Regional Airport,Roanoke,US,1
ROI,Roi Et Airport,Roi Et,TH,1
ROK,Rockhampton Airport,Rockhampton,AU,1
ROO,Maestro Marinho Franco Airport,Rondonópolis,BR,1
ROT,Rotorua Regional Airport,Rotorua,NZ,1
ROW,Roswell Air Center Airport,Roswell,US,1
RPR,Swami Vivekananda Airport,Raipur,IN,1
RQA,Ruoqiang Loulan Airport,Ruoqiang Town,CN,1
RRG,Sir Charles Gaetan Duval Airport,Port Mathurin,MU,1
RRS,Røros Airport,Røros,NO,1
RSA,Santa Rosa Airport,Santa Rosa,AR,1
RSD,Rock Sound International Airport,Rock Sound,BS,1
RST,Rochester International Airport,Rochester,US,1
RSU,Yeosu Airport,Yeosu,KR,1
RUA,Arua Airport,Arua,UG,1
RUR,Rurutu Airport,Rurutu Airport,PF,1
RUT,Rutland - Southern Vermont Regional Airport,Rutland,US,1
RVK,"Rørvik Airport, Ryum",Rørvik,NO,1
RVY,Pres. Gral. Óscar D. Gestido Binational Airport,Rivera/Santana do Livramento,UY,1
RXS,Roxas Airport,Roxas City,PH,1
RYK,Shaikh Zaid Airport,Rahim Yar Khan,PK,1
RZR,Ramsar Airport,Ramsar,IR,1
RZV,Rize–Artvin Airport,Rize,TR,1
SAB,Juancho E. Yrausquin Airport,Zion's Hill,BQ,1
SAF,Santa Fe Municipal Airport,Santa Fe,US,1
SAQ,San Andros Airport,Andros Island,BS,1
SBA,Santa Barbara Municipal Airport,Santa Barbara,US,1
SBH,St. Jean Airport,Gustavia,BL,1
SBN,South Bend International Airport,South Bend,US,1
SBP,San Luis County Regional Airport,San Luis Obispo,US,1
SBT,Sabetta International Airport,Sabetta,RU,1
SBW,Sibu Airport,Sibu,MY,1
SBY,Salisbury Ocean City Wicomico Regional Airport,Salisbury,US,1
SCC,Deadhorse Airport,Deadhorse,US,1
SCE,State College Regional Airport,State College,US,1
SCK,Stockton Metropolitan Airport,Stockton,US,1
SCN,Saarbrücken Airport,Saarbrücken,DE,1
SCT,Socotra Airport,Mori,YE,1
SCW,Syktyvkar Airport,Syktyvkar,RU,1
SDD,Lubango Mukanka International Airport,Lubango,AO,1
SDE,Vicecomodoro Angel D. La Paz Aragonés Airport,Santiago del Estero,AR,1
SDG,Sanandaj Airport,Sanandaj Airport,IR,1
SDK,Sandakan Airport,Sandakan,MY,1
SDL,Sundsvall-Härnösand Airport,Sundsvall/ Härnösand,SE,1
SDP,Sand Point Airport,Sand Point,US,1
SDR,Seve Ballesteros-Santander Airport,Santander,ES,1
SDS,Sado Airport,Sado,JP,1
SDW,Sindhudurg Airport,Chipi,IN,1
SDY,Sidney - Richland Regional Airport,Sidney,US,1
SEB,Sabha Airport,Sabha,LY,1
SEK,Srednekolymsk Airport,Srednekolymsk,RU,1
SEN,London Southend Airport,"Southend-on-Sea, Essex",GB,1
SFA,Sfax Thyna International Airport,Sfax,TN,1
SFG,Grand Case-l'Espérance Airport,Grand Case,MF,1
SFJ,Kangerlussuaq International Airport,Kangerlussuaq,GL,1
SFN,Sauce Viejo Airport,Santa Fe,AR,1
SFT,Skellefteå Airport,Skellefteå,SE,1
SGD,Sønderborg Airport,Sønderborg,DK,1
SGF,Springfield Branson National Airport,Springfield,US,1
SGU,St George Regional Airport,St George,US,1
SHB,Nakashibetsu Airport,Nakashibetsu,JP,1
SHD,Shenandoah Valley Regional Airport,Weyers Cave,US,1
SHI,Shimojishima Airport,Miyakojima,JP,1
SHL,Shillong Airport,Shillong,IN,1
SHM,Nanki Shirahama Airport,Shirahama,JP,1
SHR,Sheridan County Airport,Sheridan,US,1
SHS,Jingzhou Shashi Airport,Jingzhou (Shashi),CN,1
SHV,Shreveport Regional Airport,Shreveport,US,1
SHW,Sharurah Domestic Airport,Sharurah,SA,1
SIG,Fernando Luis Ribas Dominicci Airport,San Juan,PR,1
SIS,Sishen Airport,Sishen,ZA,1
SIT,Sitka Rocky Gutierrez Airport,Sitka,US,1
SJE,Jorge E. Gonzalez Torres Airport,San José Del Guaviare,CO,1
SJI,San Jose Airport,San Jose,PH,1
SJK,Professor Urbano Ernesto Stumpf Airport,São José Dos Campos,BR,1
SJL,São Gabriel da Cachoeira Airport,São Gabriel da Cachoeira,BR,1
SJP,Prof. Eribelto Manoel Reino State Airport,São José do Rio Preto,BR,1
SJT,San Angelo Regional Mathis Field,San Angelo,US,1
SJZ,São Jorge Airport,Velas,PT,1
SKN,"Stokmarknes Airport, Skagen",Hadsel,NO,1
SKZ,Begum Nusrat Bhutto International Airport Sukkur,Sukkur,PK,1
SLD,Sliač Airport,Sliač,SK,1
SLE,Salem-Willamette Valley Airport/McNary Field,Salem,US,1
SLK,Adirondack Regional Airport,Saranac Lake,US,1
SLM,Salamanca Airport,Salamanca,ES,1
SLN,Salina Municipal Airport,Salina,US,1
SLP,Ponciano Arriaga International Airport,San Luis Potosí,MX,1
SLU,George F. L. Charles Airport,Castries,LC,1
SLW,Plan de Guadalupe International Airport,Saltillo,MX,1
SLY,Salekhard Airport,Salekhard,RU,1
SMA,Santa Maria Airport,Vila do Porto,PT,1
SMI,Samos Airport,Samos Island,GR,1
SML,Stella Maris Airport,Stella Maris,BS,1
SMN,Lemhi County Airport,Salmon,US,1
SMR,Simón Bolívar International Airport,Santa Marta,CO,1
SMS,Sainte Marie Airport,Vohilava,MG,1
SMW,Smara Airport,Smara,EH,1
SMX,Santa Maria Public Airport Captain G Allan Hancock Field,Santa Maria,US,1
SNB,Snake Bay Airport,Milikapiti,AU,1
SNE,Preguiça Airport,Preguiça,CV,1
SNO,Sakon Nakhon Airport,Sakon Nakhon Airport,TH,1
SNP,St Paul Island Airport,St Paul Island,US,1
SNV,Santa Elena de Uairén Airport,Santa Elena de Uairén,VE,1
SNW,Thandwe Airport,Thandwe,MM,1
SOB,Hévíz–Balaton Airport,Sármellék,HU,1
SOJ,Sørkjosen Airport,Sørkjosen,NO,1
SOM,San Tomé Airport,El Tigre,VE,1
SON,Santo Pekoa International Airport,Luganville,VU,1
SOQ,Domine Eduard Osok Airport,Sorong,ID,1
SOU,Southampton Airport,Southampton,GB,1
SOW,Show Low Regional Airport,Show Low,US,1
SPC,La Palma Airport,"Sta Cruz de la Palma, La Palma Island",ES,1
SPD,Saidpur Airport,Saidpur,BD,1
SPI,Abraham Lincoln Capital Airport,Springfield,US,1
SPN,Saipan International Airport,"I Fadang, Saipan",MP,1
SPP,Menongue Airport,Menongue,AO,1
SPR,John Greif II Airport,San Pedro,BZ,1
SPS,Wichita Falls Municipal Airport / Sheppard Air Force Base,Wichita Falls,US,1
SPY,San Pedro Airport,San Pedro Airport,CI,1
SQD,Shangrao Sanqingshan Airport,Shangrao (Hengfeng),CN,1
SQG,Tebelian Airport,Sintang,ID,1
SQJ,Sanming Shaxian Airport,Sanming (Sha),CN,1
SQL,San Carlos Airport,San Carlos,US,1
SRP,"Stord Airport, Sørstokken",Leirvik,NO,1
SRT,Soroti Airport,Soroti,UG,1
SRY,Sari Dasht-e Naz International Airport,Sari,IR,1
SRZ,El Trompillo Airport,Santa Cruz,BO,1
SSJ,"Sandnessjøen Airport, Stokka",Alstahaug,NO,1
SST,Santa Teresita Airport,Santa Teresita,AR,1
SSY,Mbanza Congo Airport,Mbanza Congo,AO,1
STC,Saint Cloud Regional Airport,Saint Cloud,US,1
STD,Mayor Buenaventura Vivas International Airport,Santo Domingo,VE,1
STG,St George Airport,St George,US,1
STM,Santarém - Maestro Wilson Fonseca International Airport,Santarém,BR,1
STS,Charles M. Schulz Sonoma County Airport,Santa Rosa,US,1
STW,Stavropol Shpakovskoye Airport,Stavropol,RU,1
STX,Henry E. Rohlsen Airport,Christiansted,VI,1
SUG,Surigao Airport,Surigao City,PH,1
SUI,Vladislav Ardzinba Sukhum International Airport,Sukhumi,GE,1
SUJ,Satu Mare International Airport,Satu Mare,RO,1
SUN,Friedman Memorial Airport,Hailey,US,1
SUX,Sioux Gateway Airport / Brigadier General Bud Day Field,Sioux City,US,1
SVA,Savoonga Airport,Savoonga,US,1
SVB,Sambava Airport,Sambava,MG,1
SVC,Grant County Airport,Silver City,US,1
SVI,Eduardo Falla Solano Airport,San Vicente Del Caguán,CO,1
SVJ,"Svolvær Airport, Helle",Svolvær,NO,1
SVL,Savonlinna Airport,Savonlinna,FI,1
SVZ,Juan Vicente Gómez International Airport,San Antonio del Tachira,VE,1
SWF,New York Stewart International Airport,Newburgh,US,1
SWO,Stillwater Regional Airport,Stillwater,US,1
SYO,Shonai Airport,Shonai,JP,1
SYQ,Tobías Bolaños International Airport,San Jose,CR,1
SYS,Saskylakh Airport,Saskylakh,RU,1
SYY,Stornoway Airport,"Stornoway, Western Isles",GB,1
SZA,Soyo Airport,Soyo,AO,1
SZF,Samsun-Çarşamba Airport,Samsun,TR,1
SZH,Shuozhou Zirun Airport,Shuozhou,CN,1
SZK,Skukuza Airport,Skukuza,ZA,1
SZY,Olsztyn-Mazury Airport,Szymany,PL,1
TAC,Daniel Z. Romualdez Airport,Tacloban City,PH,1
TAH,Whitegrass Airport,Tanna Island,VU,1
TAI,Taiz International Airport,Taiz,YE,1
TAM,General Francisco Javier Mina International Airport,Ciudad Madero,MX,1
TAP,Tapachula International Airport,Tapachula,MX,1
TAT,Poprad-Tatry Airport,Poprad,SK,1
TAY,Tartu Airport,Tartu,EE,1
TBB,Dong Tac Airport,Tuy Hoa,VN,1
TBH,Tugdan Airport,Tablas Island,PH,1
TBI,New Bight Airport,Cat Island,BS,1
TBJ,Tabarka-Aïn Draham International Airport,Tabarka,TN,1
TBN,Waynesville-St. Robert Regional Airport-Forney Field,Fort Leonard Wood,US,1
TBP,Captain Pedro Canga Rodríguez International Airport,Tumbes,PE,1
TBT,Tabatinga International Airport,Tabatinga,BR,1
TCA,Tennant Creek Airport,Tennant Creek,AU,1
TCB,Treasure Cay Airport,Treasure Cay,BS,1
TCO,La Florida Airport,Tumaco,CO,1
TCP,Taba International Airport,Taba,EG,1
TCQ,Coronel FAP Carlos Ciriani Santa Rosa International Airport,Tacna,PE,1
TCZ,Tengchong Tuofeng Airport,Baoshan (Tengchong),CN,1
TDD,Teniente Av. Jorge Henrich Arauz Airport,Trinidad,BO,1
TDK,Taldykorgan Airport,Taldykorgan,KZ,1
TDX,Trat Airport,Laem Ngop,TH,1
TEB,Teterboro Airport,Teterboro,US,1
TEE,Cheikh Larbi Tébessi Airport,Tébessi,DZ,1
TEN,Tongren Fenghuang Airport,Tongren (Daxing),CN,1
TEQ,Tekirdağ Çorlu Airport,Çorlu,TR,1
TER,Lajes Airport,Praia da Vitória,PT,1
TEX,Telluride Regional Airport,Telluride,US,1
TEZ,Tezpur Airport,Tezpur Airport,IN,1
TFF,Tefé Airport,Tefé,BR,1
TGG,Sultan Mahmud Airport,Kuala Terengganu,MY,1
TGJ,Tiga Airport,Tiga,NC,1
TGM,Târgu Mureş Transilvania International Airport,Recea,RO,1
TGO,Tongliao Airport,Tongliao,CN,1
TGR,Touggourt Sidi Madhi Airport,Touggourt,DZ,1
TGT,Tanga Airport,Tanga,TZ,1
TGU,Toncontín Airport,Tegucigalpa,HN,1
TGZ,Angel Albino Corzo International Airport,Tuxtla Gutiérrez,MX,1
THE,Senador Petrônio Portela Airport,Teresina,BR,1
THG,Thangool Airport,Biloela,AU,1
THL,Tachileik Airport,Tachileik,MM,1
THN,Trollhättan-Vänersborg Airport,Trollhättan,SE,1
THQ,Tianshui Maijishan Airport,Tianshui (Maiji),CN,1
THS,Sukhothai Airport,Sukhothai Airport,TH,1
TIH,Tikehau Airport,Tuherahera,PF,1
TIM,Mozes Kilangin Airport,Timika,ID,1
TIN,Tindouf Airport,Tindouf,DZ,1
TIQ,Francisco Manglona Borja / Tinian International Airport,Tinian Island,MP,1
TIU,Timaru Airport,Timaru Airport,NZ,1
TIV,Tivat Airport,Tivat,ME,1
TIW,Tacoma Narrows Airport,Tacoma,US,1
TJA,Capitan Oriel Lea Plaza Airport,Tarija,BO,1
TJG,Warukin Airport,Tanta-Tabalong,ID,1
TJH,Konotori Tajima Airport,Toyooka,JP,1
TJK,Tokat Airport,Tokat,TR,1
TKD,Takoradi Airport,Sekondi-Takoradi,GH,1
TKF,Truckee Tahoe Airport,Truckee,US,1
TKG,Radin Inten II International Airport,Bandar Lampung,ID,1
TKN,Tokunoshima Airport,Amagi,JP,1
TKP,Takapoto Airport,Takapoto Airport,PF,1
TKX,Takaroa Airport,Takaroa Airport,PF,1
TLE,Toliara Airport,Toliara,MG,1
TLH,Tallahassee International Airport,Tallahassee,US,1
TLN,Toulon-Hyères Airport,"Hyères, Var",FR,1
TLQ,Turpan Jiaohe Airport,Turpan,CN,1
TME,Gustavo Vargas Airport,Tame,CO,1
TMH,Tanah Merah Airport,Tanah Merah,ID,1
TMJ,Termez Airport,Termez,UZ,1
TMT,Trombetas Airport,Oriximiná,BR,1
TMW,Tamworth Airport,Tamworth,AU,1
TMX,Timimoun Airport,Timimoun,DZ,1
TND,Alberto Delgado Airport,Trinidad,CU,1
TNE,New Tanegashima Airport,Tanegashima,JP,1
TNH,Tonghua Sanyuanpu Airport,Tonghua,CN,1
TNJ,Raja Haji Fisabilillah International Airport,Tanjung Pinang-Bintan Island,ID,1
TOD,Tioman Airport,Tioman Island,MY,1
TOE,Tozeur Nefta International Airport,Tozeur,TN,1
TOL,Eugene F. Kranz Toledo Express Airport,Toledo,US,1
TOU,Touho Airport,Touho,NC,1
TOY,Toyama Kitokito Airport,Toyama,JP,1
TPJ,Taplejung Airport,Taplejung,NP,1
TPP,Cadete FAP Guillermo Del Castillo Paredes Airport,Tarapoto,PE,1
TPQ,Amado Nervo National Airport,Tepic,MX,1
TPS,Vincenzo Florio Airport Trapani-Birgi,Trapani (TP),IT,1
TRA,Tarama Airport,Tarama,JP,1
TRC,Francisco Sarabia Tinoco International Airport,Torreón,MX,1
TRE,Tiree Airport,"Balemartine, Argyll and Bute",GB,1
TRG,Tauranga Airport,Tauranga,NZ,1
TRI,Tri-Cities Regional TN/VA Airport,Blountville,US,1
TRK,Juwata International Airport / Suharnoko Harbani AFB,Tarakan,ID,1
TRR,China Bay Airport,Trincomalee,LK,1
TRT,Toraja Airport,Toraja,ID,1
TSJ,Tsushima Airport,Tsushima,JP,1
TSM,Taos Regional Airport,Taos,US,1
TST,Trang Airport,Trang,TH,1
TSV,Townsville Airport / RAAF Base Townsville,Townsville,AU,1
TTA,Tan Tan Airport,Tan Tan,MA,1
TTE,Sultan Babullah Airport,Ternate,ID,1
TTJ,Tottori Sand Dunes Conan Airport,Tottori,JP,1
TTN,Trenton Mercer Airport,Ewing Township,US,1
TTT,Taitung Airport,Taitung City,TW,1
TUA,Lieutenant Colonel Luis A. Mantilla International Airport,Tulcán,EC,1
TUB,Tubuai Airport,Tubuai Airport,PF,1
TUF,Tours Val de Loire Airport,"Tours, Indre-et-Loire",FR,1
TUG,Tuguegarao Airport,Tuguegarao City,PH,1
TUI,Turaif Domestic Airport,Turaif,SA,1
TUO,Taupo Airport,Taupo,NZ,1
TUP,Tupelo Regional Airport,Tupelo,US,1
TUR,Tucuruí Airport,Tucuruí,BR,1
TVC,Cherry Capital Airport,Traverse City,US,1
TVF,Thief River Falls Regional Airport,Thief River Falls,US,1
TVT,Tashkent-Khumo International Airport,Tashkent,UZ,1
TVY,Dawei Airport,Dawei,MM,1
TWF,Joslin Field Magic Valley Regional Airport,Twin Falls,US,1
TWT,Sanga Sanga Airport,Bongao,PH,1
TWU,Tawau Airport,Tawau,MY,1
TXE,Rembele Airport,Takengon,ID,1
TXK,Texarkana Regional Airport (Webb Field),Texarkana,US,1
TYF,Torsby Airport,Torsby,SE,1
TYL,Captain Victor Montes Arias International Airport,Talara,PE,1
TYR,Tyler Pounds Regional Airport,Tyler,US,1
TZA,Sir Barry Bowen Municipal Airport,Belize City,BZ,1
TZN,Congo Town Airport,Andros,BS,1
TZX,Trabzon International Airport,Trabzon,TR,1
UAI,"Commander in Chief of FALINTIL, Kay Rala Xanana Gusmão, International Airport",Suai,TL,1
UAQ,Domingo Faustino Sarmiento Airport,San Juan,AR,1
UAR,Bouarfa Airport,Bouarfa,MA,1
UBA,Mário de Almeida Franco Airport,Uberaba,BR,1
UBJ,Yamaguchi Ube Airport,Ube,JP,1
UBP,Ubon Ratchathani Airport,Ubon Ratchathani,TH,1
UCB,Ulanqab Jining Airport,Ulanqab,CN,1
UCT,Ukhta Airport,Ukhta,RU,1
UDI,Ten. Cel. Aviador César Bombonato Airport,Uberlândia,BR,1
UDR,Maharana Pratap Airport,Udaipur,IN,1
UEL,Quelimane Airport,Quelimane,MZ,1
UEO,Kumejima Airport,Kumejima,JP,1
UGA,Bulgan Airport,Bulgan,MN,1
UGU,Bilorai Airport,Bilogai,ID,1
UIB,El Caraño Airport,Quibdó,CO,1
UIH,Phu Cat Airport,Quy Nohn,VN,1
UIN,Quincy Regional Airport Baldwin Field,Quincy,US,1
UKE,Utkela Airport,Bhawanipatna,IN,1
UKX,Ust-Kut Airport,Ust-Kut,RU,1
ULG,Ölgii Mongolei International Airport,Ölgii,MN,1
ULK,Lensk Airport,Lensk,RU,1
ULO,Ulaangom Airport,Ulaangom,MN,1
ULP,Quilpie Airport,Quilpie Airport,AU,1
ULU,Gulu Airport,Gulu,UG,1
ULV,Ulyanovsk Baratayevka Airport,Ulyanovsk,RU,1
ULY,Ulyanovsk Vostochny Airport,Cherdakly,RU,1
UNI,Union Island International Airport,Union Island,VC,1
UNK,Unalakleet Airport,Unalakleet,US,1
UNN,Ranong Airport,Ranong,TH,1
UPN,Uruapan - Licenciado y General Ignacio Lopez Rayon International Airport,Uruapan,MX,1
URE,Kuressaare Airport,Kuressaare,EE,1
URG,Rubem Berta Airport,Uruguaiana,BR,1
URJ,Uray Airport,Uray,RU,1
URT,Surat Thani Airport,Surat Thani,TH,1
URY,Gurayat Domestic Airport,Gurayat,SA,1
USA,Concord-Padgett Regional Airport,Concord,US,1
USH,Ushuaia - Malvinas Argentinas International Airport,Ushuaia,AR,1
USK,Usinsk Airport,Usinsk,RU,1
USN,Ulsan Airport,Ulsan,KR,1
USR,Ust-Nera Airport,Ust-Nera,RU,1
UST,Northeast Florida Regional Airport,St Augustine,US,1
USU,Francisco B. Reyes (Busuanga) Airport,Coron,PH,1
UTN,Upington Airport,Upington,ZA,1
UTO,Indian Mountain LRRS Airport,Utopia Creek,US,1
UTT,K. D. Matanzima Airport,Mthatha,ZA,1
UUA,Bugulma Airport,Bugulma,RU,1
UVE,Ouvéa Airport,Ouvéa,NC,1
UYL,Nyala Airport,Nyala,SD,1
UYN,Yulin Yuyang Airport,Yulin,CN,1
VAI,Vanimo Airport,Vanimo,PG,1
VAM,Villa International Airport Maamigili,Maamigili,MV,1
VAN,Van Ferit Melen Airport,Van,TR,1
VAQ,Vanavara Airport,Vanavara,RU,1
VAS,Sivas Nuri Demirağ Airport,Sivas,TR,1
VAW,"Vardø Airport, Svartnes",Vardø,NO,1
VBS,Brescia Gabriele d'Annunzio Airport,Montichiari (BS),IT,1
VCS,Con Dao Airport,Con Dao,VN,1
VCT,Victoria Regional Airport,Victoria,US,1
VDC,Glauber de Andrade Rocha Airport,Vitória da Conquista,BR,1
VDE,El Hierro Airport,El Hierro Island,ES,1
VDH,Dong Hoi Airport,Dong Hoi,VN,1
VDM,Gobernador Castello Airport,Viedma / Carmen de Patagones,AR,1
VDO,Van Don International Airport,Van Don,VN,1
VDS,Vadsø Airport,Vadsø,NO,1
VDZ,Valdez Pioneer Field,Valdez,US,1
VEL,Vernal Regional Airport,Vernal,US,1
VEO,Severo-Yeniseysk Airport,Severo-Yeniseysk,RU,1
VGO,Vigo Airport,Vigo,ES,1
VHM,Vilhelmina South Lapland Airport,Vilhelmina,SE,1
VIG,Juan Pablo Pérez Alfonso Airport,El Vigía,VE,1
VII,Vinh Airport,Vinh,VN,1
VIJ,Virgin Gorda Airport,Spanish Town,VG,1
VIT,Vitoria Airport,Alava,ES,1
VKG,Rach Gia Airport,Rach Gia,VN,1
VKT,Vorkuta Airport,Vorkuta,RU,1
VLD,Valdosta Regional Airport,Valdosta,US,1
VLL,Valladolid Airport,Valladolid,ES,1
VLV,Dr. Antonio Nicolás Briceño Airport,Valera,VE,1
VMU,Baimuru Airport,Baimuru,PG,1
VNX,Vilankulo Airport,Vilanculo,MZ,1
VOL,Nea Anchialos National Airport,Nea Anchialos,GR,1
VOZ,Voronezh International Airport,Voronezh,RU,1
VPE,Ngjiva Pereira Airport,Ngiva,AO,1
VPN,Vopnafjörður Airport,Vopnafjörður,IS,1
VPS,Destin-Fort Walton Beach Airport,Valparaiso,US,1
VPY,Chimoio Airport,Chimoio,MZ,1
VQS,Antonio Rivera Rodriguez Airport,Vieques,PR,1
VRB,Vero Beach Regional Airport,Vero Beach,US,1
VRC,Virac Airport,Virac,PH,1
VRL,Vila Real Airport,Vila Real,PT,1
VSE,Aerodromo Goncalves Lobato (Viseu Airport),Viseu,PT,1
VTU,Hermanos Ameijeiras Airport,Las Tunas,CU,1
VUP,Alfonso López Pumarejo Airport,Valledupar,CO,1
VUS,Velikiy Ustyug Airport,Velikiy Ustyug,RU,1
VVC,Vanguardia Airport,Villavicencio,CO,1
VVZ,Illizi Takhamalt Airport,Illizi,DZ,1
VXC,Lichinga Airport,Lichinga,MZ,1
VXO,Växjö Kronoberg Airport,Växjö,SE,1
VYI,Vilyuisk Airport,Vilyuisk,RU,1
WAE,Wadi Al Dawasir Domestic Airport,Wadi Al Dawasir,SA,1
WAG,Wanganui Airport,Wanganui,NZ,1
WBM,Wapenamanda Airport,Wapenamanda,PG,1
WDS,Shiyan Wudangshan Airport,Shiyan (Maojian),CN,1
WEF,Weifang Nanyuan Airport,Weifang (Kuiwen),CN,1
WEH,Weihai Dashuibo Airport,Weihai,CN,1
WEI,Weipa Airport,Weipa,AU,1
WGA,Wagga Wagga Airport,Forest Hill,AU,1
WGE,Walgett Airport,Walgett Airport,AU,1
WGN,Shaoyang Wugang Airport,Shaoyang (Wugang),CN,1
WHA,Wuhu Xuanzhou Airport,Wuhu,CN,1
WHK,Whakatāne Airport,Whakatāne,NZ,1
WIC,Wick John O'Groats Airport,Wick,GB,1
WIL,Nairobi Wilson Airport,Nairobi,KE,1
WIN,Winton Airport,Winton Airport,AU,1
WJR,Wajir Airport,Wajir,KE,1
WJU,Wonju Airport / Hoengseong Air Base (K-38/K-46),Wonju,KR,1
WKA,Wanaka Airport,Wanaka,NZ,1
WKJ,Wakkanai Airport,Wakkanai,JP,1
WKK,Aleknagik / New Airport,Aleknagik,US,1
WMN,Maroantsetra Airport,Maroantsetra,MG,1
WMT,Zunyi Maotai Airport,Zunyi,CN,1
WMX,Wamena Airport,Wamena,ID,1
WNI,Matahora Airport,Wangi-wangi Island,ID,1
WNP,Naga Airport,Naga,PH,1
WNR,Windorah Airport,Windorah,AU,1
WNS,Shaheed Benazirabad Airport,Nawabashah,PK,1
WOS,Wonsan Kalma Airport,Wonsan,KP,1
WRE,Whangarei Airport,Whangarei,NZ,1
WRG,Wrangell Airport,Wrangell,US,1
WST,Westerly State Airport,Westerly,US,1
WSZ,Westport Airport,Westport,NZ,1
WUA,Wuhai Airport,Wuhai,CN,1
WUN,Wiluna Airport,Wiluna Airport,AU,1
WUS,Nanping Wuyishan Airport,Wuyishan,CN,1
WUU,Wau Airport,Wau,SS,1
WUZ,Wuzhou Xijiang Airport,Tangbu,CN,1
WWK,Wewak International Airport,Wewak,PG,1
WYA,Whyalla Airport,Whyalla,AU,1
WYS,Yellowstone Airport,West Yellowstone,US,1
XAI,Xinyang Minggang Airport,Xinyang,CN,1
XAP,Serafin Enoss Bertaso Airport,Chapecó,BR,1
XCH,Christmas Island International Airport,Flying Fish Cove,CX,1
XCR,Chalons Vatry airport,Chalons en Champagne,FR,1
XFN,Xiangyang Liuji Airport,Xiangyang (Xiangzhou),CN,1
XIC,Xichang Qingshan Airport,Liangshan (Xichang),CN,1
XIL,Xilinhot Airport,Xilinhot,CN,1
XKS,Kasabonika Airport,Kasabonika,CA,1
XMH,Manihi Airport,Manihi Airport,PF,1
XMS,Coronel E Carvajal Airport,Macas,EC,1
XNA,Northwest Arkansas National Airport,Fayetteville/Springdale/Rogers,US,1
XQP,Quepos Managua Airport,Quepos,CR,1
XQU,Qualicum Beach Airport,Qualicum Beach,CA,1
XRY,Jerez Airport,Jerez de la Frontera,ES,1
XSC,South Caicos Airport,South Caicos,TC,1
XSP,Seletar Airport,Seletar,SG,1
XTG,Thargomindah Airport,Thargomindah,AU,1
XUZ,Xuzhou Guanyin International Airport,Xuzhou,CN,1
XWA,Williston Basin International Airport,Williston,US,1
YAA,Anahim Lake Airport,Anahim Lake,CA,1
YAG,Fort Frances Municipal Airport,Fort Frances,CA,1
YAK,Yakutat Airport,Yakutat,US,1
YAM,Sault Ste Marie Airport,Sault Ste Marie,CA,1
YAY,St. Anthony Airport,St. Anthony,CA,1
YAZ,Tofino / Long Beach Airport,Tofino,CA,1
YBC,Baie-Comeau Airport,Baie-Comeau,CA,1
YBG,Saguenay-Bagotville Airport,Saguenay,CA,1
YBK,Baker Lake Airport,Baker Lake,CA,1
YBL,Campbell River Airport,Campbell River,CA,1
YBP,Yibin Wuliangye Airport,Yibin (Cuiping),CN,1
YBR,Brandon Municipal Airport,Brandon,CA,1
YBX,Lourdes-de-Blanc-Sablon Airport,Blanc-Sablon,CA,1
YBY,Bonnyville Airport,Bonnyville,CA,1
YCB,Cambridge Bay Airport,Cambridge Bay,CA,1
YCD,Nanaimo Airport,Nanaimo,CA,1
YCG,Castlegar/West Kootenay Regional Airport,Castlegar,CA,1
YCM,Niagara District Airport,Niagara-on-the-Lake,CA,1
YDA,Dawson City Airport,Dawson City,CA,1
YDF,Deer Lake Airport,Deer Lake,CA,1
YDN,Dauphin Barker Airport,Dauphin,CA,1
YEI,Bursa Yenişehir Airport,Yenişehir,TR,1
YEV,Inuvik Mike Zubko Airport,Inuvik,CA,1
YFB,Iqaluit Airport,Iqaluit,CA,1
YFC,Fredericton International Airport,Fredericton,CA,1
YFS,Fort Simpson Airport,Fort Simpson,CA,1
YGJ,Yonago Kitaro Airport / JASDF Miho Air Base,Yonago,JP,1
YGL,La Grande Rivière Airport,La Grande Rivière,CA,1
YGP,Michel-Pouliot Gaspé Airport,Gaspé,CA,1
YGR,Îles-de-la-Madeleine Airport,Les Îles-de-la-Madeleine,CA,1
YGV,Havre-Saint-Pierre Airport,Havre-Saint-Pierre,CA,1
YGW,Kuujjuarapik Airport,Kuujjuarapik,CA,1
YHU,Montréal / Saint-Hubert Metropolitan Airport,Montréal,CA,1
YHY,Hay River / Merlyn Carter Airport,Hay River,CA,1
YIC,Yichun Mingyueshan Airport,Yichun,CN,1
YIE,Arxan Yi'ershi Airport,Arxan,CN,1
YIF,St Augustin Airport,St-Augustin,CA,1
YIH,Yichang Sanxia Airport,Yichang (Xiaoting),CN,1
YIN,Ili Yining International Airport,Ili (Yining / Ghulja),CN,1
YIV,Island Lake Airport,Island Lake,CA,1
YKA,Kamloops John Moose Fulton Field Regional Airport,Kamloops,CA,1
YKF,Region of Waterloo International Airport,Breslau,CA,1
YKH,Yingkou Lanqi Airport,Yingkou (Laobian),CN,1
YKL,Schefferville Airport,Schefferville,CA,1
YKM,Yakima Air Terminal McAllister Field,Yakima,US,1
YKO,Hakkari Yüksekova Airport,Hakkari,TR,1
YLK,Barrie-Lake Simcoe Regional Airport,Barrie,CA,1
YLL,Lloydminster Airport,Lloydminster,CA,1
YLX,Yulin Fumian Airport,Yulin,CN,1
YMM,Fort McMurray International Airport,Fort McMurray,CA,1
YMO,Moosonee Airport,Moosonee,CA,1
YMS,Moises Benzaquen Rengifo Airport,Yurimaguas,PE,1
YMT,Chapais Airport,Chibougamau,CA,1
YMX,Montreal Mirabel International Airport,Montréal,CA,1
YNA,Natashquan Airport,Natashquan,CA,1
YND,Ottawa / Gatineau Airport,Gatineau,CA,1
YNJ,Yanji Chaoyangchuan Airport,Yanji,CN,1
YNL,Points North Landing Airport,Points North Landing,CA,1
YOJ,High Level Airport,High Level,CA,1
YOL,Yola Airport,Yola,NG,1
YPA,Prince Albert Glass Field,Prince Albert,CA,1
YPE,Peace River Airport,Peace River,CA,1
YPL,Pickle Lake Airport,Pickle Lake,CA,1
YPN,Port-Menier Airport,Port-Menier,CA,1
YPQ,Peterborough Regional Airport,Peterborough,CA,1
YPR,Prince Rupert Airport,Prince Rupert,CA,1
YPW,Powell River Airport,Powell River,CA,1
YPX,Puvirnituq Airport,Puvirnituq,CA,1
YPY,Fort Chipewyan Airport,Fort Chipewyan,CA,1
YPZ,Burns Lake Airport,Burns Lake,CA,1
YQA,Muskoka Airport,Gravenhurst,CA,1
YQD,The Pas Airport,The Pas,CA,1
YQH,Watson Lake Airport,Watson Lake,CA,1
YQK,Kenora Airport,Kenora,CA,1
YQL,Lethbridge County Airport,Lethbridge,CA,1
YQM,Greater Moncton Roméo LeBlanc International Airport,Moncton,CA,1
YQN,Nakina Airport,Nakina,CA,1
YQQ,Comox Valley International Airport / CFB Comox,Comox,CA,1
YQR,Regina International Airport,Regina,CA,1
YQT,Thunder Bay International Airport,Thunder Bay,CA,1
YQU,Grande Prairie Airport,Grande Prairie,CA,1
YQX,Gander International Airport,Gander,CA,1
YQY,Sydney / J.A. Douglas McCurdy Airport,Sydney,CA,1
YQZ,Quesnel Airport,Quesnel,CA,1
YRB,Resolute Bay Airport,Resolute Bay,CA,1
YRJ,Roberval Airport,Roberval,CA,1
YRL,Red Lake Airport,Red Lake,CA,1
YRO,Ottawa / Rockcliffe Airport,Ottawa,CA,1
YRT,Rankin Inlet Airport,Rankin Inlet,CA,1
YSB,Sudbury Airport,Sudbury,CA,1
YSF,Stony Rapids Airport,Stony Rapids,CA,1
YSJ,Saint John Airport,Saint John,CA,1
YSM,Fort Smith Airport,Fort Smith,CA,1
YSQ,Songyuan Chaganhu Airport,Qian Gorlos Mongol Autonomous County,CN,1
YTH,Thompson Airport,Thompson,CA,1
YTS,Timmins/Victor M. Power,Timmins,CA,1
YTY,Yangzhou Taizhou Airport,Yangzhou,CN,1
YTZ,Billy Bishop Toronto City Airport,Toronto,CA,1
YUM,Yuma International Airport / Marine Corps Air Station Yuma,Yuma,US,1
YUS,Yushu Batang Airport,Yushu (Batang),CN,1
YUX,Hall Beach Airport,Sanirajak,CA,1
YUY,Rouyn Noranda Airport,Rouyn-Noranda,CA,1
YVB,Bonaventure Airport,Bonaventure,CA,1
YVC,La Ronge Airport,La Ronge,CA,1
YVO,Val-d'Or Airport,Val-d'Or,CA,1
YVP,Kuujjuaq Airport,Kuujjuaq,CA,1
YVQ,Norman Wells Airport,Norman Wells,CA,1
YVV,Wiarton Airport,Wiarton,CA,1
YWK,Wabush Airport,Wabush,CA,1
YWL,Williams Lake Airport,Williams Lake,CA,1
YXC,Cranbrook/Canadian Rockies International Airport,Cranbrook,CA,1
YXH,Medicine Hat Regional Airport,Medicine Hat,CA,1
YXJ,Fort St John / North Peace Regional Airport,Fort Saint John,CA,1
YXL,Sioux Lookout Airport,Sioux Lookout,CA,1
YXS,Prince George (International) Airport,Prince George,CA,1
YXT,Northwest Regional Airport Terrace-Kitimat,Terrace,CA,1
YXU,London International Airport,London,CA,1
YXX,Abbotsford International Airport,Abbotsford,CA,1
YXY,Whitehorse / Erik Nielsen International Airport,Whitehorse,CA,1
YYA,Yueyang Sanhe Airport,Yueyang (Yueyanglou),CN,1
YYB,North Bay Jack Garland Airport,North Bay,CA,1
YYD,Smithers Airport,Smithers,CA,1
YYE,Fort Nelson Airport,Fort Nelson,CA,1
YYF,Penticton Airport,Penticton,CA,1
YYG,Charlottetown Airport,Charlottetown,CA,1
YYL,Lynn Lake Airport,Lynn Lake,CA,1
YYQ,Churchill Airport,Churchill,CA,1
YYR,Goose Bay Airport,Goose Bay,CA,1
YYY,Mont Joli Airport,Mont-Joli,CA,1
YZF,Yellowknife International Airport,Yellowknife,CA,1
YZP,Sandspit Airport,Sandspit,CA,1
YZS,Coral Harbour Airport,Coral Harbour,CA,1
YZT,Port Hardy Airport,Port Hardy,CA,1
YZU,Whitecourt Airport,Whitecourt,CA,1
YZV,Sept-Îles Airport,Sept-Îles,CA,1
YZY,Zhangye Ganzhou Airport,Zhangye (Ganzhou),CN,1
ZAL,Pichoy Airport,Valdivia,CL,1
ZAT,Zhaotong Zhaoyang Airport,Zhaotong,CN,1
ZBF,Bathurst Airport,South Tetagouche,CA,1
ZBR,Chabahar Konarak International Airport,Konarak,IR,1
ZCL,General Leobardo C. Ruiz International Airport,Zacatecas,MX,1
ZEL,Bella Bella (Campbell Island) Airport,Bella Bella,CA,1
ZHY,Zhongwei Shapotou Airport,Zhongwei (Shapotou),CN,1
ZIG,Ziguinchor Airport,Ziguinchor,SN,1
ZIX,Zhigansk Airport,Zhigansk,RU,1
ZKP,Zyryanka Airport,Zyryanka,RU,1
ZLO,Playa de Oro International Airport,Manzanillo,MX,1
ZMT,Masset Airport,Masset,CA,1
ZND,Zinder Airport,Zinder,NE,1
ZNE,Newman Airport,Newman,AU,1
ZOS,Cañal Bajo Carlos Hott Siebert Airport,Osorno,CL,1
ZQZ,Zhangjiakou Ningyuan Airport,Zhangjiakou,CN,1
ZSJ,Sandy Lake Airport,Sandy Lake,CA,1
ZTH,Zakynthos International Airport Dionysios Solomos,Zakynthos,GR,1
ZYI,Zunyi Xinzhou Airport,Zunyi,CN,1
AAK,Aranuka Airport,Buariki,KI,2
AAZ,Quezaltenango Airport,Quezaltenango,GT,2
ABM,Northern Peninsula Airport,Bamaga,AU,2
ABU,AA Bere Tallo (Haliwen) Airport,Atambua,ID,2
ACF,Aral Tarim Airport,Aral,CN,2
AET,Allakaket Airport,Allakaket,US,2
AGE,Wangerooge Airport,Wangerooge,DE,2
AGI,Wageningen Airstrip,Wageningen,SR,2
AGJ,Aguni Airport,Aguni,JP,2
AGM,Tasiilaq Heliport,Tasiilaq,GL,2
AGN,Angoon Seaplane Base,Angoon,US,2
AIP,Adampur Airport,Adampur,IN,2
AIT,Aitutaki Airport,Aitutaki,CK,2
AIU,Enua Airport,Atiu Island,CK,2
AKA,Ankang Fuqiang Airport,Ankang (Hanbin),CN,2
AKB,Atka Airport,Atka,US,2
AKI,Akiak Airport,Akiak,US,2
AKK,Akhiok Airport,Akhiok,US,2
AKS,Gwaunaru'u Airport,Auki,SB,2
AKV,Akulivik Airport,Akulivik,CA,2
ALZ,Alitak Seaplane Base,Lazy Bay,US,2
ANS,Andahuaylas Airport,Andahuaylas,PE,2
AOQ,Aappilattoq Heliport,Aappilattoq,GL,2
AOS,Amook Bay Seaplane Base,Amook Bay,US,2
APK,Apataki Airport,Apataki,PF,2
ARD,Alor Island - Mali Airport,Kabola,ID,2
ATT,Atmautluak Airport,Atmautluak,US,2
AUK,Alakanuk Airport,Alakanuk,US,2
AUL,Aur Island Airport,Aur Atoll,MH,2
AUU,Aurukun Airport,Aurukun,AU,2
BAS,Ballalae Airport,Ballalae,SB,2
BAZ,Barcelos Airport,Barcelos,BR,2
BBG,Butaritari Airport,Butaritari,KI,2
BBR,Basse-Terre Baillif Airport,Basse-Terre,GP,2
BDD,Badu Island Airport,Badu Island,AU,2
BDP,Bhadrapur Airport,Bhadrapur,NP,2
BFQ,Bahia Piña Airport,Puerto Piña,PA,2
BGK,Big Creek Airport,Big Creek,BZ,2
BHR,Bharatpur Airport,Bharatpur,NP,2
BID,Block Island State Airport,Block Island,US,2
BJT,Bentota River Waterdrome,Bentota,LK,2
BKC,Buckland Airport,Buckland,US,2
BKF,Lake Brooks Seaplane Base,Katmai National Park,US,2
BKM,Bakalalan Airport,Bakalalan,MY,2
BKZ,Bukoba Airport,Bukoba,TZ,2
BLB,Panamá Pacífico International Airport,Panamá City,PA,2
BLW,Beledweyne Airport,Beledweyne,SO,2
BMK,Borkum Airport,Borkum,DE,2
BMO,Banmaw Airport,Banmaw,MM,2
BMR,Baltrum Airport,Baltrum,DE,2
BMY,Île Art - Waala Airport,Waala,NC,2
BNB,Boende Airport,Boende,CD,2
BNY,Bellona/Anua Airport,Anua,SB,2
BOT,Bosset Airport,Bosset,PG,2
BQB,Busselton Margaret River Regional Airport,Busselton,AU,2
BQG,Bogorodskoye Airport,Bogorodskoye,RU,2
BQJ,Batagay Airport,Batagay,RU,2
BRA,Dom Ricardo Weberberger Airport,Barreiras,BR,2
BSX,Pathein Airport,Pathein,MM,2
BTT,Bettles Airport,Bettles,US,2
BTW,Bersujud Airport,Batu Licin,ID,2
BUC,Burketown Airport,Burketown Airport,AU,2
BUI,Bokondini Airport,Bokondini,ID,2
BUT,Bathpalathang Airport,Jakar,BT,2
BUU,Muara Bungo Airport,Muara Bungo,ID,2
BVS,Breves Airport,Breves,BR,2
BWX,Banyuwangi Airport,"Rogojampi, Banyuwangi",ID,2
BXG,Bendigo Airport,Bendigo Airport,AU,2
BXT,LNG Badak Airport,Bontang-Borneo Island,ID,2
BYO,Bonito Airport,Bonito,BR,2
BYR,Læsø Airport,Læsø,DK,2
BYW,Blakely Island Airport,Blakely Island,US,2
CAF,Carauari Airport,Carauari,BR,2
CAU,Caruaru Airport,Caruaru,BR,2
CCA,Chimore Airport,Chimore,BO,2
CCV,Craig Cove Airport,Craig Cove,VU,2
CEL,Canela Airport,Canela,BR,2
CEM,Central Airport,Central,US,2
CFB,Cabo Frio Airport,Cabo Frio,BR,2
CGA,Craig Seaplane Base,Craig,US,2
CHE,Tallinn Linnahall Heliport,Tallinn,EE,2
CHU,Chuathbaluk Airport,Chuathbaluk,US,2
CHY,Choiseul Bay Airport,Choiseul Bay,SB,2
CIH,Changzhi Wangcun Airport,Changzhi,CN,2
CIK,Chalkyitsik Airport,Chalkyitsik,US,2
CJN,Nusawiru Airport,Cijulang,ID,2
CJZ,Pedro Vieira Moreira Airport,Cajazeiras,BR,2
CKD,Crooked Creek Airport,Crooked Creek,US,2
CKW,Christmas Creek Airport,Christmas Creek Mine,AU,2
CKX,Chicken Airport,Chicken,US,2
CLP,Clarks Point Airport,Clarks Point,US,2
CLV,Nelson Ribeiro Guimarães Airport,Caldas Novas,BR,2
CNC,Coconut Island Airport,Coconut Island Airport,AU,2
CNI,Changhai Dachangshandao Airport,Dalian (Changhai),CN,2
COL,Coll Airport,Coll Island,GB,2
CRU,Lauriston Airport,Carriacou Island,GD,2
CSA,Colonsay Airstrip,Colonsay,GB,2
CSH,Solovki Airport,Solovetsky Islands,RU,2
CUA,Ciudad Constitución National Airport,Comondú,MX,2
CVU,Corvo Airport,Corvo,PT,2
CWS,Center Island Airport,Center Island,US,2
CXH,Vancouver Harbour Water Aerodrome,Vancouver,CA,2
CYF,Chefornak Airport,Chefornak,US,2
CYM,Chatham Seaplane Base,Chatham,US,2
CYT,Yakataga Airport,Yakataga,US,2
CYU,Cuyo Airport,Cuyo,PH,2
DAX,Dachuan Airport,Dazhou (Daxian),CN,2
DBA,Dalbandin Airport,Dalbandin,PK,2
DBM,Debre Markos Airport,Debre Markos,ET,2
DEE,Yuzhno-Kurilsk Mendeleyevo Airport,Yuzhno-Kurilsk,RU,2
DEM,Dembidollo Airport,Dembidollo,ET,2
DEX,Nop Goliat Dekai Airport,Dekai,ID,2
DGH,Deoghar Airport,Deoghar,IN,2
DHB,Deer Harbor SPB,Deer Harbor,US,2
DIO,Diomede Heliport,Diomede,US,2
DIU,Diu Airport,Diu,IN,2
DJB,Sultan Thaha Airport,Jambi,ID,2
DLR,Dalnerechensk Airport,Dalnerechensk,RU,2
DMD,Doomadgee Airport,Doomadgee Airport,AU,2
DOP,Dolpa Airport,Dolpa,NP,2
DPT,Deputatskiy Airport,Deputatskiy,RU,2
DQA,Daqing Sartu Airport,Daqing,CN,2
DRJ,Drietabbetje Airport,Drietabbetje,SR,2
DRV,Dharavandhoo Airport,Baa Atoll,MV,2
DSD,La Désirade Airport,Grande Anse,GP,2
DSE,Kombolcha Airport,Dessie,ET,2
DTB,Silangit Airport,Siborong-Borong,ID,2
DTD,Datadawai Airport,Datadawai-Borneo Island,ID,2
DTR,Decatur Shores Airport,Decatur,US,2
DWB,Soalala Airport,Soalala,MG,2
DWO,Diyawanna Oya Seaplane Base,Sri Jayawardenepura Kotte,LK,2
DXJ,Xiangxi Biancheng Airport,Xiangxi,CN,2
EAA,Eagle Airport,Eagle,US,2
EAX,Eduard Alexander Gummels Airport,Kwatta,SR,2
EBH,El Bayadh Airport,El Bayadh,DZ,2
EDA,Edna Bay Seaplane Base,Edna Bay,US,2
EDR,Pormpuraaw Airport,Pormpuraaw,AU,2
EEK,Eek Airport,Eek,US,2
EJT,Enejit Airport,Enejit Island,MH,2
EKS,Shakhtyorsk Airport,Shakhtyorsk,RU,2
ELI,Elim Airport,Elim,US,2
ELV,Elfin Cove Seaplane Base,Elfin Cove,US,2
EME,Emden Airport,Emden,DE,2
ENE,H. Hasan Aroeboesman (Ende) Airport,Ende,ID,2
ENI,El Nido Airport,El Nido,PH,2
ENT,Eniwetok Airport,Eniwetok Atoll,MH,2
EUA,Kaufana Airport,Eua Island,TO,2
EVG,Sveg Airport,Sveg,SE,2
EXI,Excursion Inlet Seaplane Base,Excursion Inlet,US,2
FBD,Fayzabad Airport,Fayzabad,AF,2
FBE,Paulo Abdala Airport,Francisco Beltrão,BR,2
FBS,Friday Harbor Seaplane Base,Friday Harbor,US,2
FDE,"Førde Airport, Bringeland",Førde,NO,2
FHZ,Fakahina Airport,Fakahina,PF,2
FIE,Fair Isle Airport,Fair Isle,GB,2
FLS,Flinders Island Airport,Whitemark,AU,2
FMT,Faresmaathoda Airport,Faresmaathodaa,MV,2
FND,Funadhoo Airport,Funadhoo,MV,2
FNR,Funter Bay Seaplane Base,Funter Bay,US,2
FOA,Foula Airfield,Foula,GB,2
FRE,Fera/Maringe Airport,Fera Island,SB,2
FSH,Syekh Hamzah Fansyuri Airport,Singkil,ID,2
FTA,Futuna Airport,Futuna Island,VU,2
FTI,Fitiuta Airport,Fitiuta Village,AS,2
FUT,Pointe Vele Airport,Futuna Island,WF,2
GAX,Gamba Airport,Gamba,GA,2
GBI,Kalaburagi Airport,Kalaburagi,IN,2
GBZ,Great Barrier Aerodrome,Claris,NZ,2
GGF,Almeirim Airport,Almeirim,BR,2
GGJ,Guaíra Airport,Guaíra,BR,2
GGR,Garowe Airport,Garowe,SO,2
GGS,Gobernador Gregores Airport,Gobernador Gregores,AR,2
GIC,Boigu Island Airport,Boigu Island,AU,2
GKK,Kooddoo Airport,Huvadhu Atoll,MV,2
GLK,Galcaio Airport,Galcaio,SO,2
GLV,Golovin Airport,Golovin,US,2
GMI,Gasmata Island Airport,Gasmata Island,PG,2
GMZ,La Gomera Airport,"Alajero, La Gomera Island",ES,2
GNU,Goodnews Airport,Goodnews,US,2
GOY,Tura Mountain Airport,Tura,RU,2
GTA,Gatokae Aerodrome,Gatokae,SB,2
GTO,Jalaluddin Airport,Gorontalo,ID,2
GUB,Guerrero Negro Airport,San Quintín,MX,2
GUZ,Guarapari Airport,Guarapari,BR,2
GYZ,Gruyere Airport,Cosmo Newbery,AU,2
GZG,Garze Gesar Airport,Garzê (Garzê),CN,2
GZM,Xewkija Heliport,Gozo,MT,2
GZO,Nusatupe Airport,Gizo,SB,2
HAA,Hasvik Airport,Hasvik,NO,2
HAL,Halali Airport,Halali,NA,2
HBQ,Haibei Qilian Airport,Haibei (Qilian),CN,2
HBT,Hambantota Seaplane Base,Hambantota,LK,2
HDD,Hyderabad Airport,Hyderabad,PK,2
HDK,Kulhudhuffushi Airport,Kulhudhuffushi,MV,2
HDO,Hindon Airport / Hindon Air Force Station,Ghaziabad,IN,2
HEI,Heide-Büsum Airport,Oesterdeichstrich,DE,2
HFS,Hagfors Airport,Råda,SE,2
HGD,Hughenden Airport,Hughenden,AU,2
HGL,Helgoland-Düne Airport,Helgoland,DE,2
HHP,Shun Tak Heliport,Central and Western,HK,2
HHZ,Hikueru Airport,Hikueru,PF,2
HIL,Shilavo Airport,Shilavo,ET,2
HIS,Hayman Island Resort Seaplane Base,Hayman Island,AU,2
HJB,Hejing Bayinbuluke Airport,Hejing,CN,2
HLH,Ulanhot Yilelite Airport,Ulanhot,CN,2
HMS,Haji Muhammad Sidik Airport,Muara Teweh,ID,2
HMV,Hemavan Airport,Hemavan,SE,2
HNH,Hoonah Airport,Hoonah,US,2
HNY,Hengyang Nanyue Airport,Hengyang,CN,2
HOK,Hooker Creek Airport,Lajamanu,AU,2
HPB,Hooper Bay Airport,Hooper Bay,US,2
HQQ,Anyang Hongqiqu Airport,Anyang,CN,2
HRF,Hoarafushi Airport,Hoarafushi Airport,MV,2
HUE,Humera Airport,Akwi,ET,2
HUG,Huehuetenango Airport,Huehuetenango,GT,2
HUS,Hughes Airport,Hughes,US,2
HYG,Hydaburg Seaplane Base,Hydaburg,US,2
HYL,Hollis Clark Bay Seaplane Base,Hollis,US,2
IAO,Siargao Airport,Del Carmen,PH,2
IBB,General Villamil Airport,Puerto Villamil,EC,2
ICC,Andrés Miguel Salazar Marcano Airport,Isla de Coche,VE,2
ICI,Cicia Airport,Cicia,FJ,2
IGG,Igiugig Airport,Igiugig,US,2
IIA,Inishmaan Aerodrome,Inis Meáin,IE,2
IKE,Ikerasak Heliport,Ikerasak,GL,2
IKO,Nikolski Air Station,Nikolski,US,2
ILF,Ilford Airport,Ilford,CA,2
IMK,Simikot Airport,Simikot,NP,2
INB,Independence Airport,Independence,BZ,2
INO,Inongo Airport,Inongo,CD,2
INQ,Inisheer Aerodrome,Inis Oírr,IE,2
IOQ,Isortoq Heliport,Isortoq,GL,2
IOR,Inishmore Aerodrome,Inis Mór,IE,2
IOT,Illorsuit Heliport,Illorsuit,GL,2
IRA,Ngorangora Airport,Kirakira,SB,2
IRC,Circle City (New) Airport,Circle,US,2
IRZ,Tapuruquara Airport,Santa Isabel do Rio Negro,BR,2
ISC,St. Mary's Airport,"St. Mary's, Isles of Scilly",GB,2
ITU,Iturup Airport,Kurilsk,RU,2
IUI,Innarsuit Heliport,Innarsuit,GL,2
IWD,Gogebic Iron County Airport,Ironwood,US,2
JBB,Notohadinegoro Airport,Jember,ID,2
JBK,Qitai Jiangbulake Airport,Qitai,CN,2
JCH,Qasigiannguit Heliport,Qasigiannguit,GL,2
JCK,Julia Creek Airport,Julia Creek Airport,AU,2
JCU,Ceuta Heliport,Ceuta,ES,2
JDO,Orlando Bezerra de Menezes Airport,Juazeiro do Norte,BR,2
JEJ,Jeh Airport,Ailinglapalap Atoll,MH,2
JFR,Paamiut Airport,Paamiut,GL,2
JGB,Jagdalpur Airport,Jagdalpur,IN,2
JGO,Qeqertarsuaq Heliport,Qeqertarsuaq,GL,2
JGR,Kangilinnguit Heliport,Kangilinnguit,GL,2
JIK,Ikaria Airport,Ikaria Island,GR,2
JIO,Jos Orno Imsula Airport,Tiakur,ID,2
JIU,Jiujiang Lushan Airport,Jiujiang,CN,2
JJG,Humberto Ghizzo Bortoluzzi Regional Airport,Jaguaruna,BR,2
JJM,Mulika Lodge Airport,Meru-Kinna,KE,2
JKL,Kalymnos Airport,Kalymnos Island,GR,2
JLG,Jalgaon Airport,Jalgaon,IN,2
JMO,Jomsom Airport,Jomsom,NP,2
JNN,Nanortalik Heliport,Nanortalik,GL,2
JNS,Narsaq Heliport,Narsaq,GL,2
JNX,Naxos Island National Airport,Naxos,GR,2
JPE,Nagib Demachki Airport,Paragominas,BR,2
JPR,Ji-Paraná Airport,Ji-Paraná,BR,2
JQA,Qaarsut Airport,Uummannaq,GL,2
JRA,West 30th Street Heliport,New York,US,2
JRG,Jharsuguda Airport,Jharsuguda Airport,IN,2
JSK,Jask Airport,Bandar-e-Jask,IR,2
JSU,Maniitsoq Airport,Maniitsoq,GL,2
JSY,Syros Airport,Syros Island,GR,2
JTY,Astypalaia Airport,Astypalaia Island,GR,2
JUH,Chizhou Jiuhuashan Airport,Chizhou,CN,2
JUI,Juist Airport,Juist,DE,2
JUK,Ukkusissat Heliport,Ukkusissat,GL,2
JUM,Jumla Airport,Jumla,NP,2
JUU,Nuugaatsiaq Heliport,Nuugaatsiaq,GL,2
JUV,Upernavik Airport,Upernavik,GL,2
KAA,Kasama Airport,Kasama,ZM,2
KAE,Kake Seaplane Base,Kake,US,2
KAL,Kaltag Airport,Kaltag,US,2
KAX,Kalbarri Airport,Kalbarri,AU,2
KBC,Birch Creek Airport,Birch Creek,US,2
KBU,Gusti Syamsir Alam Airport,Stagen,ID,2
KCA,Kuqa Qiuci Airport,Kuqa,CN,2
KCC,Coffman Cove Seaplane Base,Coffman Cove,US,2
KCG,Chignik Airport,Chignik,US,2
KCQ,Chignik Lake Airport,Chignik Lake,US,2
KDD,Khuzdar Airport,Khuzdar,PK,2
KDI,Haluoleo Airport,Kendari,ID,2
KDV,Vunisea Airport,Vunisea,FJ,2
KDZ,Polgolla Reservoir Seaplane Base,Kandy,LK,2
KEB,Nanwalek Airport,Nanwalek,US,2
KEH,Kenmore Air Harbor LLC Seaplane Base,Kenmore,US,2
KEW,Keewaywin Airport,Keewaywin,CA,2
KFG,Kalkgurung Airport,Kalkgurung Airport,AU,2
KFP,False Pass Airport,False Pass,US,2
KGE,Kaghau Airport,Kagau Island,SB,2
KGK,Koliganek Airport,Koliganek,US,2
KGQ,Kangersuatsiaq Heliport,Kangersuatsiaq,GL,2
KGX,Grayling Airport,Grayling,US,2
KHM,Kanti Airport,Kanti,MM,2
KHZ,Kauehi Airport,Kauehi,PF,2
KIE,Aropa Airport,Kieta,PG,2
KIF,Kingfisher Lake Airport,Kingfisher Lake,CA,2
KIO,Kili Airport,Kili Island,MH,2
KIT,Kithira Airport,Kithira Island,GR,2
KKA,Koyuk Alfred Adams Airport,Koyuk,US,2
KKB,Kitoi Bay Seaplane Base,Kitoi Bay,US,2
KKH,Kongiganak Airport,Kongiganak,US,2
KKI,Akiachak Airport,Akiachak,US,2
KLG,Kalskag Airport,Kalskag,US,2
KLN,Larsen Bay Airport,Larsen Bay,US,2
KLP,Seruyan Kuala Pembuang Airport,Seruyan,ID,2
KMN,Kamina City Airport,Kamina,CD,2
KMO,Manokotak Airport,Manokotak,US,2
KMY,Moser Bay Seaplane Base,Moser Bay,US,2
KNK,Kokhanok Airport,Kokhanok,US,2
KNW,New Stuyahok Airport,New Stuyahok,US,2
KOC,Koumac Airport,Koumac,NC,2
KOT,Kotlik Airport,Kotlik,US,2
KOW,Ganzhou Huangjin Airport,Ganzhou,CN,2
KOY,Olga Bay Seaplane Base,Olga Bay,US,2
KOZ,Ouzinkie Airport,Ouzinkie,US,2
KPB,Point Baker Seaplane Base,Point Baker,US,2
KPN,Kipnuk Airport,Kipnuk,US,2
KPR,Port Williams Seaplane Base,Port Williams,US,2
KPV,Perryville Airport,Perryville,US,2
KPY,Port Bailey Seaplane Base,Port Bailey,US,2
KQA,Akutan Airport,Akutan,US,2
KQR,Karara Airport,Karara,AU,2
KRB,Karumba Airport,Karumba Airport,AU,2
KRC,Departi Parbo Airport,Sungai Penuh,ID,2
KRE,Kirundo Airport,Kirundo,BI,2
KRI,Kikori Airport,Kikori,PG,2
KRY,Karamay Airport,Karamay,CN,2
KSJ,Kasos Airport,Kasos Island,GR,2
KSM,St Mary's Airport,St Mary's,US,2
KSO,Kastoria National Airport Aristotle,Argos Orestiko,GR,2
KSQ,Karshi Airport,Karshi,UZ,2
KSR,Selayar - Haji Aroeppala Airport,Benteng,ID,2
KTB,Thorne Bay Seaplane Base,Thorne Bay,US,2
KTS,Brevig Mission Airport,Brevig Mission,US,2
KUD,Kudat Airport,Kudat,MY,2
KUG,Kubin Island Airport,Kubin Island,AU,2
KUK,Kasigluk Airport,Kasigluk,US,2
KUZ,Kuummiut Heliport,Kuummiut,GL,2
KVC,King Cove Airport,King Cove,US,2
KVK,Kirovsk-Apatity Airport,Apatity,RU,2
KVL,Kivalina Airport,Kivalina,US,2
KVM,Markovo Airport,Markovo,RU,2
KWB,Dewadaru Airport,Karimunjawa,ID,2
KWK,Kwigillingok Airport,Kwigillingok,US,2
KWN,Quinhagak Airport,Quinhagak,US,2
KWP,West Point Village Seaplane Base,West Point,US,2
KWT,Kwethluk Airport,Kwethluk,US,2
KXA,Kasaan Seaplane Base,Kasaan,US,2
KXF,Koro Island Airport,Koro Island,FJ,2
KXO,Kisoro Airport,Kisoro,UG,2
KYK,Karluk Airport,Karluk,US,2
KYU,Koyukuk Airport,Koyukuk,US,2
KZB,Zachar Bay Seaplane Base,Zachar Bay,US,2
KZS,Kastelorizo Airport,Kastelorizo Island,GR,2
LAK,Aklavik/Freddie Carmichael Airport,Aklavik,CA,2
LBH,Palm Beach Seaplane Base,Sydney,AU,2
LBJ,Komodo Airport,"Labuan Bajo, Manggarai Barat",ID,2
LBP,Long Banga Airport,Long Banga,MY,2
LBR,Lábrea Airport,Lábrea,BR,2
LBW,Yuvai Semaring Airport,Long Bawan,ID,2
LCR,Virgilio Barco Vargas (La Chorrera) Airport,La Chorrera,CO,2
LDG,Leshukonskoye Airport,Leshukonskoye,RU,2
LDH,Lord Howe Island Airport,Lord Howe Island,AU,2
LEC,Coronel Horácio de Mattos Airport,Lençóis,BR,2
LEL,Lake Evella Airport,Lake Evella Airport,AU,2
LEQ,Land's End Airport,"Land's End, Cornwall",GB,2
LEV,Levuka Airfield,Bureta,FJ,2
LGL,Long Lellang Airport,Long Datih,MY,2
LGZ,Shannan Longzi Airport,Shannan,CN,2
LIK,Likiep Airport,Likiep Island,MH,2
LKA,Larantuka Gewayentana Airport,Tiwatobi,ID,2
LKB,Lakeba Island Airport,Lakeba Island,FJ,2
LKE,Kenmore Air Harbor Seaplane Base,Seattle,US,2
LKI,Lasikin Airport,Lubang,ID,2
LKM,Bolaang Mongondow Airport,Lolak,ID,2
LLB,Libo Airport,Qiannan (Libo),CN,2
LLK,Lankaran International Airport,Lankaran,AZ,2
LLO,Bua - Palopo Lagaligo Airport,Palopo,ID,2
LLU,Alluitsup Paa Heliport,Alluitsup Paa,GL,2
LMA,Minchumina Airport,Minchumina,US,2
LMC,La Macarena Airport,La Macarena,CO,2
LMY,Lake Murray Airport,Lake Murray,PG,2
LNB,Lamen Bay Airport,Lamen Bay,VU,2
LNE,Lonorore Airport,Lonorore,VU,2
LNU,Robert Atty Bessing,Malinau,ID,2
LNV,Londolovit Airport,Londolovit,PG,2
LOD,Longana Airport,Longana,VU,2
LOH,Ciudad de Catamayo Airport,La Toma (Catamayo),EC,2
LPD,La Pedrera Airport,La Pedrera,CO,2
LPM,Lamap Airport,Lamap,VU,2
LPS,Lopez Island Airport,Lopez,US,2
LPU,Long Apung Airport,Long Apung-Borneo Island,ID,2
LPY,Le Puy-Loudes Airfield,"Chaspuzac, Haute-Loire",FR,2
LQM,Caucaya Airport,Puerto Leguízamo,CO,2
LRS,Leros Airport,Leros Island,GR,2
LRV,Los Roques Airport,Gran Roque Island,VE,2
LSA,Losuia Airport,Losuia,PG,2
LSW,Malikus Saleh Airport,Lhok Seumawe-Sumatra Island,ID,2
LTT,La Môle Airport,Saint-Tropez,FR,2
LUP,Kalaupapa Airport,Kalaupapa,US,2
LVO,Laverton Airport,Laverton,AU,2
LWK,Lerwick / Tingwall Airport,"Lerwick, Shetland Islands",GB,2
LWY,Lawas Airport,Lawas,MY,2
LXG,Luang Namtha Airport,Luang Namtha,LA,2
LXS,Limnos Airport,Limnos Island,GR,2
MBL,Manistee County Blacker Airport,Manistee,US,2
MCM,Monaco Heliport,Fontvieille,MC,2
MCV,McArthur River Mine Airport,McArthur River Mine,AU,2
MFA,Mafia Airport,Kilindoni,TZ,2
MFG,Muzaffarabad Airport,Muzaffarabad,PK,2
MFJ,Moala Airport,Moala,FJ,2
MGT,Milingimbi Airport,Milingimbi Island,AU,2
MHC,Mocopulli Airport,Dalcahue,CL,2
MHM,Manaoba Airport,Manaoba,SB,2
MHX,Manihiki Island Airport,Manihiki Island,CK,2
MIJ,Mili Island Airport,Mili Island,MH,2
MIS,Misima Island Airport,Misima Island,PG,2
MJE,Majkin Airport,Majkin,MH,2
MJY,Motygino Airport,Motygino,RU,2
MLL,Marshall Don Hunter Sr Airport,Marshall,US,2
MLO,Milos Airport,Milos Island,GR,2
MLY,Manley Hot Springs Airport,Manley Hot Springs,US,2
MNF,Mana Island Airport,Mana Island,FJ,2
MNT,Minto Al Wright Airport,Minto,US,2
MNU,Mawlamyine Airport,Mawlamyine,MM,2
MNY,Mono Airport,Stirling Island,SB,2
MOF,Frans Xavier Seda Airport,Waioti,ID,2
MOH,Maleo Airport,Morowali,ID,2
MOI,Mitiaro Island Airport,Mitiaro Island,CK,2
MOJ,Moengo Airstrip,Moengo,SR,2
MOU,Mountain Village Airport,Mountain Village,US,2
MPC,Muko Muko Airport,Muko Muko,ID,2
MQC,Miquelon Airport,Miquelon,PM,2
MRA,Misrata International Airport,Misrata,LY,2
MSA,Muskrat Dam Airport,Muskrat Dam,CA,2
MTF,Mizan Teferi Airport,Mizan Teferi,ET,2
MTM,Metlakatla Seaplane Base,Metlakatla,US,2
MTP,Montauk Airport,Montauk,US,2
MUK,Mauke Airport,Mauke Island,CK,2
MUZ,Musoma Airport,Musoma,TZ,2
MVY,Martha's Vineyard Airport,Martha's Vineyard,US,2
MWQ,Magway Airport,Magway,MM,2
MXH,Moro Airport,Moro,PG,2
MXW,Mandalgobi Airport,Mandalgobi,MN,2
MXZ,Meizhou Meixian Changgangji International Airport,Meizhou (Meixian),CN,2
MYI,Murray Island Airport,Murray Island,AU,2
MYK,May Creek Airport,May Creek,US,2
NAO,Nanchong Gaoping Airport,Nanchong (Gaoping),CN,2
NAU,Napuka Island Airport,Napuka Island,PF,2
NBN,Annobón Airport,San Antonio de Palé,GQ,2
NCN,Chenega Bay Airport,Chenega,US,2
NDY,Sanday Airport,Sanday,GB,2
NGI,Ngau Airport,Ngau,FJ,2
NGK,Nogliki Airport,Nogliki,RU,2
NIB,Nikolai Airport,Nikolai,US,2
NIQ,Niaqornat Heliport,Niaqornat,GL,2
NIU,Naiu Airport,Naiu Atoll,PF,2
NKI,Naukati Bay Seaplane Base,Tuxekan Island,US,2
NLF,Darnley Island Airport,Darnley Island,AU,2
NLG,Nelson Lagoon Airport,Nelson Lagoon,US,2
NME,Nightmute Airport,Nightmute,US,2
NNB,Santa Ana Airport,Santa Ana Island,SB,2
NNR,Connemara Regional Airport,Inverin,IE,2
NNY,Nanyang Jiangying Airport,Nanyang (Wancheng),CN,2
NOD,Norden-Norddeich Airport,Norddeich,DE,2
NQU,Reyes Murillo Airport,Nuquí,CO,2
NRD,Norderney Airport,Norderney,DE,2
NRL,North Ronaldsay Airport,North Ronaldsay,GB,2
NSB,Bimini North Seaplane Base,Bimini,BS,2
NTT,Kuini Lavenia Airport,Niuatoputapu,TO,2
NUL,Nulato Airport,Nulato,US,2
NUP,Nunapitchuk Airport,Nunapitchuk,US,2
NUS,Norsup Airport,Norsup,VU,2
NYS,New York Skyports Inc Seaplane Base,New York,US,2
NYU,Bagan Airport,Nyaung U,MM,2
NZG,Nizhneangarsk International Airport,Nizhneangarsk,RU,2
OAL,Cacoal Airport,Cacoal,BR,2
OBN,Oban Airport,North Connel,GB,2
OBU,Kobuk Airport,Kobuk,US,2
OBX,Obo Airport,Obo,PG,2
OBY,Ittoqqortoormiit Heliport,Ittoqqortoormiit,GL,2
ODN,Long Seridan Airport,Long Seridan,MY,2
ODO,Bodaybo Airport,Bodaybo,RU,2
ODY,Oudomsay Airport,Oudomsay,LA,2
OES,Antoine de Saint Exupéry Airport,San Antonio Oeste,AR,2
OFU,Ofu Airport,Ofu,AS,2
OJU,Tanjung Api Airport,Tojo Una-Una,ID,2
OKR,Yorke Island Airport,Yorke Island,AU,2
OLH,Old Harbor Airport,Old Harbor,US,2
OLJ,North West Santo Airport,Olpoi,VU,2
OLP,Olympic Dam Airport,Olympic Dam,AU,2
ONG,Mornington Island Airport,Mornington Island Airport,AU,2
OOK,Toksook Bay Airport,Toksook Bay,US,2
OPP,Salinópolis Airport,Salinópolis,BR,2
OPS,Presidente João Batista Figueiredo Airport,Sinop,BR,2
ORG,Zorg en Hoop Airport,Paramaribo,SR,2
ORI,Port Lions Airport,Port Lions,US,2
ORV,Robert (Bob) Curtis Memorial Airport,Noorvik,US,2
ORZ,H.E Alfredo Martinez (Tower Hill) Airstrip,Orange Walk,BZ,2
OSY,Namsos Airport,Namsos,NO,2
OTD,Raul Arias Espinoza Airport,Contadora Island,PA,2
OTS,Anacortes Airport,Anacortes,US,2
OUI,Ouessant Airport,Ushant,FR,2
PAS,Paros National Airport,Paros,GR,2
PBJ,Tavie Airport,Paama Island,VU,2
PCN,Picton Aerodrome,Koromiko,NZ,2
PDB,Pedro Bay Airport,Pedro Bay,US,2
PDM,Capt. J. Montenegro Airport,Pedasí,PA,2
PEC,Pelican Seaplane Base,Pelican,US,2
PEU,Puerto Lempira Airport,Puerto Lempira,HN,2
PFQ,Parsabad-Moghan Airport,Parsabad,IR,2
PFR,Ilebo Airport,Ilebo,CD,2
PGM,Port Graham Airport,Port Graham,US,2
PHO,Point Hope Airport,Point Hope,US,2
PIP,Pilot Point Airport,Pilot Point,US,2
PJA,Pajala Airport,Pajala,SE,2
PKA,Napaskiak Airport,Napaskiak,US,2
PKG,Pulau Pangkor Airport,Pangkor Island,MY,2
PKN,Iskandar Airport,Pangkalanbun,ID,2
PKP,Puka Puka Airport,Puka Puka Airport,PF,2
PMK,Palm Island Airport,Palm Island Airport,AU,2
PND,Punta Gorda Airport,Punta Gorda,BZ,2
PPE,Mar de Cortés International Airport,Puerto Peñasco,MX,2
PPV,Port Protection Seaplane Base,Port Protection,US,2
PPW,Papa Westray Airport,"Papa Westray, Orkney Islands",GB,2
PQS,Pilot Station Airport,Pilot Station,US,2
PQT,Qeqertaq Heliport,Qeqertaq,GL,2
PSY,Port Stanley Airport,Stanley,FK,2
PTA,Port Alsworth Airport,Port Alsworth,US,2
PTD,Port Alexander Seaplane Base,Port Alexander,US,2
PTF,Malolo Lailai Island Airport,Malolo Lailai Island,FJ,2
PTO,Juvenal Loureiro Cardoso Airport,Pato Branco,BR,2
PUR,Puerto Rico Airport,Puerto Rico/Manuripi,BO,2
PXH,Prominent Hill Airport,Mount Eba,AU,2
PYT,Pedro Rabelo de Souza Airport,Paracatu,BR,2
PZE,Penzance Heliport,"Penzance, Cornwall",GB,2
QCU,Akunnaaq Heliport,Akunnaaq,GL,2
QFG,Eqalugaarsuit Heliport,Eqalugaarsuit,GL,2
QFI,Iginniarfik Heliport,Iginniarfik,GL,2
QFN,Narsarmijit Heliport,Narsarmijit,GL,2
QFX,Igaliku Heliport,Igaliku,GL,2
QGQ,Attu Heliport,Attu,GL,2
QJE,Kitsissuarsuit Heliport,Kitsissuarsuit,GL,2
QJH,Qassimiut Heliport,Qassimiut,GL,2
QJI,Ikamiut Heliport,Ikamiut,GL,2
QOQ,Saarloq Heliport,Saarloq,GL,2
QPW,Kangaatsiaq Heliport,Kangaatsiaq,GL,2
QRY,Ikerassaarsuk Heliport,Ikerassaarsuk,GL,2
QUV,Aappilattoq Heliport,Aappilattoq,GL,2
QUW,Ammassivik Heliport,Ammassivik,GL,2
RAM,Ramingining Airport,Ramingining Airport,AU,2
RBB,Borba Airport,Borba,BR,2
RBQ,Rurrenabaque Airport,Rurrenabaque,BO,2
RBV,Ramata Airport,Ramata,SB,2
RCE,Roche Harbor Airport,Roche Harbor,US,2
RCM,Richmond Airport,Richmond Airport,AU,2
RDV,Red Devil Airport,Red Devil,US,2
RET,Røst Airport,Røst,NO,2
RHT,Alxa Right Banner Badanjilin Airport,Badanjilin,CN,2
RIH,Scarlett Martinez International Airport,Río Hato,PA,2
RJM,Marinda Airport,Waisai,ID,2
RKI,Mentawai Airport,Sipura Island,ID,2
RMP,Rampart Airport,Rampart,US,2
RMT,Rimatara Airport,Rimatara Island,PF,2
RNI,Corn Island Airport,Corn Island,NI,2
RNL,Rennell/Tingoa Airport,Rennell Island,SB,2
RNP,Rongelap Island Airport,Rongelap Island,MH,2
RRR,Raroia Airport,Raroia,PF,2
RSH,Russian Mission Airport,Russian Mission,US,2
RSJ,Rosario Seaplane Base,Rosario,US,2
RTA,Rotuma Airport,Rotuma,FJ,2
RTG,Frans Sales Lega Airport,"Satar Tacik, Manggarai",ID,2
RTI,David Constantijn Saudale Airport,Ba'a - Rote Island,ID,2
RUL,Maavaarulaa Airport,Maavaarulu,MV,2
RUS,Marau Airport,Marau,SB,2
RVE,Los Colonizadores Airport,Saravena,CO,2
RVV,Raivavae Airport,Raivavae Airport,PF,2
RYO,28 de Noviembre Airport,Rio Turbio,AR,2
SAE,Saattut Heliport,Saattut,GL,2
SBR,Saibai Island Airport,Saibai Island,AU,2
SCM,Scammon Bay Airport,Scammon Bay,US,2
SCY,San Cristóbal Airport,Puerto Baquerizo Moreno,EC,2
SCZ,Santa Cruz/Graciosa Bay/Luova Airport,Santa Cruz/Graciosa Bay/Luova,SB,2
SDN,"Sandane Airport, Anda",Sandane,NO,2
SET,Santa Magalhães Airport,Serra Talhada,BR,2
SEU,Seronera Airport,Seronera,TZ,2
SFC,St-François Airport,St-François,GP,2
SFL,São Filipe Airport,São Filipe,CV,2
SGG,Sermiligaaq Heliport,Sermiligaaq,GL,2
SGO,St George Airport,St George Airport,AU,2
SGY,Skagway Airport,Skagway,US,2
SHC,Shire Inda Selassie Airport,Shire Inda Selassie,ET,2
SHF,Shihezi Huayuan Airport,Shihezi,CN,2
SHG,Shungnak Airport,Shungnak,US,2
SHH,Shishmaref Airport,Shishmaref,US,2
SHY,Shinyanga Airport,Shinyanga,TZ,2
SIF,Simara Airport,Simara,NP,2
SIH,Silgadi Doti Airport,Silgadi Doti,NP,2
SKH,Surkhet Airport,Surkhet,NP,2
SKK,Shaktoolik Airport,Shaktoolik,US,2
SKU,Skiros Airport,Skiros Island,GR,2
SLH,Sola Airport,Sola,VU,2
SLI,Solwesi Airport,Solwesi,ZM,2
SLQ,Sleetmute Airport,Sleetmute,US,2
SLX,Salt Cay Airport,Salt Cay,TC,2
SMK,St Michael Airport,St Michael,US,2
SMQ,Sampit (H.Asan) Airport,Sampit,ID,2
SMT,Adolino Bedin Regional Airport,Sorriso,BR,2
SNX,Semnan Municipal Airport,Semnan,IR,2
SOD,Sorocaba Airport,Sorocaba,BR,2
SOG,"Sogndal Airport, Haukåsen",Sogndal,NO,2
SOV,Seldovia Airport,Seldovia,US,2
SOY,Stronsay Airport,Stronsay,GB,2
SPB,Charlotte Amalie Harbor Seaplane Base,Charlotte Amalie,VI,2
SRA,Luis Alberto Lehr Airport,Santa Rosa,BR,2
SRK,Siorapaluk Heliport,Siorapaluk,GL,2
SRL,Palo Verde Airport,Mulegé,MX,2
SRV,Stony River 2 Airport,Stony River,US,2
SSB,Christiansted Harbor Seaplane Base,Christiansted,VI,2
SSR,Sara Airport,Pentecost Island,VU,2
SSW,Stuart Island Airpark,Friday Harbor,US,2
SUK,Sakkyryr Airport,Batagay-Alyta,RU,2
SUR,Summer Beaver Airport,Summer Beaver,CA,2
SUY,Suntar Airport,Suntar,RU,2
SVR,Savissivik Heliport,Savissivik,GL,2
SVS,Stevens Village Airport,Stevens Village,US,2
SVU,Savusavu Airport,Savusavu,FJ,2
SWL,San Vicente Airport,San Vicente,PH,2
SWQ,Sultan Muhammad Kaharuddin III Airport,Sumbawa Besar,ID,2
SWX,Shakawe Airport,Shakawe,BW,2
SXK,Mathilda Batlayeri Airport,Saumlaki-Yamdena Island,ID,2
SXP,Nunam Iqua Airport,Nunam Iqua,US,2
SYB,Seal Bay Seaplane Base,Seal Bay,US,2
SYF,Silva Bay Seaplane Base,Gabriola Island,CA,2
SYM,Pu'er Simao Airport,Pu'er,CN,2
SYU,Warraber Island Airport,Sue Islet,AU,2
SZE,Semera Airport,Semera,ET,2
SZI,Zaysan Airport,Zaysan,KZ,2
TAL,Ralph M Calhoun Memorial Airport,Tanana,US,2
TBG,Tabubil Airport,Tabubil,PG,2
TBM,Tumbang Samba Airport,Tumbang Samba-Borneo Island,ID,2
TBO,Tabora Airport,Tabora,TZ,2
TCD,Tarapacá Airport,Tarapacá,CO,2
TCG,Tacheng Qianquan Airport,Tacheng,CN,2
TCR,Tuticorin Airport,Vagaikulam,IN,2
TCT,Takotna Airport,Takotna,US,2
TDS,Sasereme Airport,Sasereme,PG,2
TEK,Tatitlek Airport,Tatitlek,US,2
TFI,Tufi Airport,Tufi,PG,2
TGH,Tongoa Airport,Tongoa Island,VU,2
TGQ,Tangará da Serra Airport,Tangará da Serra,BR,2
THD,Tho Xuan Airport,Thanh Hóa,VN,2
THO,Þórshöfn Airport,Þórshöfn,IS,2
THX,Turukhansk Airport,Turukhansk,RU,2
TIE,Tippi Airport,Tippi,ET,2
TIZ,Tari Airport,Tari,PG,2
TJL,Plínio Alarcom Airport,Três Lagoas,BR,2
TJQ,H A S Hanandjoeddin International Airport,Tanjung Pandan,ID,2
TJS,Tanjung Harapan Airport,Tanjung Selor-Borneo Island,ID,2
TKE,Tenakee Seaplane Base,Tenakee Springs,US,2
TKJ,Tok Junction Airport,Tok,US,2
TKM,Taksimo Airport,Taksimo,RU,2
TKQ,Kigoma Airport,Kigoma,TZ,2
TKV,Tatakoto Airport,Tatakoto,PF,2
TLA,Teller Airport,Teller,US,2
TLI,Sultan Bantilan Airport,Toli Toli-Celebes Island,ID,2
TLT,Tuluksak Airport,Tuluksak,US,2
TLU,Golfo de Morrosquillo Airport,Santiago de Tolú,CO,2
TLY,Plastun Airport,Plastun,RU,2
TMC,Tambolaka Airport,Radamata,ID,2
TMF,Thimarafushi Airport,Thimarafushi,MV,2
TMG,Tomanggong Airport,Tomanggong,MY,2
TMI,Tumling Tar Airport,Tumling Tar,NP,2
TNC,Tin City Long Range Radar Station Airport,Tin City,US,2
TNK,Tununak Airport,Tununak,US,2
TOG,Togiak Airport,Togiak Village,US,2
TOW,Toledo - Luiz Dalcanale Filho Municipal Airport,Toledo,BR,2
TPI,Tapini Airport,Tapini,PG,2
TQA,Tasiusaq Heliport,Tasiusaq,GL,2
TQI,Tiniteqilaaq Heliport,Tiniteqilaaq,GL,2
TQR,San Domino Island Heliport,Tremiti Islands,IT,2
TSS,East 34th Street Heliport,New York,US,2
TTS,Tsaratanana Airport,Tsaratanana,MG,2
TTW,Tissa Tank Waterdrome,Tissamaharama,LK,2
TVS,Tangshan Sannühe Airport,Tangshan (Fengrun),CN,2
TVU,Matei Airport,Matei,FJ,2
TWA,Twin Hills Airport,Twin Hills,US,2
TWC,Tumxuk Tangwangcheng Airport,Tumxuk,CN,2
UAH,Ua Huka Airport,Ua Huka,PF,2
UAK,Narsarsuaq Airport,Narsarsuaq,GL,2
UAP,Ua Pou Airport,Ua Pou,PF,2
UBB,Mabuiag Island Airport,Mabuiag Island,AU,2
UGI,San Juan /Uganik/ Seaplane Base,San Juan,US,2
UII,Utila Airport,Utila Island,HN,2
UIT,Jaluit Airport,Jabor Jaluit Atoll,MH,2
UJE,Ujae Atoll Airport,Ujae Atoll,MH,2
UKG,Ust-Kuyga Airport,Ust-Kuyga,RU,2
ULZ,Donoi Airport,Uliastai,MN,2
UMD,Uummannaq Heliport,Uummannaq,GL,2
UMS,Ust-Maya Airport,Ust-Maya,RU,2
UMU,Orlando de Carvalho Airport,Umuarama,BR,2
UNA,Una-Comandatuba Airport,Una,BR,2
UNG,Kiunga Airport,Kiunga,PG,2
UOL,Buol - Pogogul Airport,Buol,ID,2
USJ,Usharal Airport,Usharal,KZ,2
UTK,Utirik Airport,Utirik Island,MH,2
UVI,José Cleto Airport,União da Vitória,BR,2
UZR,Urzhar Airport,Urzhar,KZ,2
VAK,Chevak Airport,Chevak,US,2
VAL,Valença Airport,Valença,BR,2
VAO,Suavanao Airport,Suavanao,SB,2
VBV,Vanua Balavu Airport,Vanua Balavu,FJ,2
VCL,Chu Lai Airport,Tam Nghĩa,VN,2
VEE,Venetie Airport,Venetie,US,2
VHV,Verkhnevilyuisk Airport,Verkhnevilyuisk,RU,2
VJB,Xai-Xai Chongoene Airport,Xai-Xai,MZ,2
VLS,Valesdir Airport,Epi Island,VU,2
VRY,Værøy Heliport,Værøy,NO,2
VSV,Shravasti Airport,Shravasti,IN,2
WAA,Wales Airport,Wales,US,2
WBB,Stebbins Airport,Stebbins,US,2
WBQ,Beaver Airport,Beaver,US,2
WDN,Waldron Airstrip,Eastsound,US,2
WFB,Ketchikan Harbor Seaplane Base,Ketchikan,US,2
WGP,Umbu Mehang Kunda Airport,Waingapu-Sumba Island,ID,2
WHD,Hyder Seaplane Base,Hyder,US,2
WLH,Walaha Airport,Walaha,VU,2
WLK,Selawik Airport,Selawik,US,2
WMO,White Mountain Airport,White Mountain,US,2
WNA,Napakiak Airport,Napakiak,US,2
WNH,Wenshan Puzhehei Airport,Wenshan,CN,2
WNN,Wunnumin Lake Airport,Wunnumin Lake,CA,2
WPL,Powell Lake Seaplane Base,Powell River,CA,2
WRY,Westray Airport,"Westray, Orkney Islands",GB,2
WSK,Chongqing Wushan Airport,Wushan,CN,2
WSN,South Naknek Number 2 Airport,South Naknek,US,2
WSX,Westsound/WSX Seaplane Base,West Sound,US,2
WTA,Tambohorano Airport,Tambohorano,MG,2
WTE,Wotje Airport,Wotje,MH,2
WTK,Noatak Airport,Noatak,US,2
WTL,Tuntutuliak Airport,Tuntutuliak,US,2
WTO,Wotho Island Airport,Wotho Island,MH,2
WUT,Xinzhou Wutaishan Airport,Xinzhou,CN,2
WWP,Whale Pass Seaplane Float Harbor Facility,Whale Pass,US,2
WWT,Mertarvik Airport,Mertarvik,US,2
WXN,Wanzhou Wuqiao Airport,Wanzhou,CN,2
XBE,Bearskin Lake Airport,Bearskin Lake,CA,2
XEQ,Tasiusaq Heliport,Tasiusak,GL,2
XGR,Kangiqsualujjuaq (Georges River) Airport,Kangiqsualujjuaq,CA,2
XIQ,Ilimanaq Heliport,Ilimanaq,GL,2
XKH,Xieng Khouang Airport,Xieng Khouang,LA,2
XLB,Lac Brochet Airport,Lac Brochet,CA,2
XMY,Yam Island Airport,Yam Island,AU,2
XPK,Pukatawagan Airport,Pukatawagan,CA,2
XSI,South Indian Lake Airport,South Indian Lake,CA,2
XTL,Tadoule Lake Airport,Tadoule Lake,CA,2
XYA,Yandina Airport,Yandina,SB,2
YAB,Arctic Bay Airport,Arctic Bay,CA,2
YAC,Cat Lake Airport,Cat Lake,CA,2
YAJ,Lyall Harbour Seaplane Base,Saturna Island,CA,2
YAL,Alert Bay Airport,Alert Bay,CA,2
YAQ,Maple Bay Seaplane Base,Maple Bay,CA,2
YAS,Yasawa Island Airport,Yasawa Island,FJ,2
YAT,Attawapiskat Airport,Attawapiskat,CA,2
YAV,Mayne Island Seaplane Base,Miners Bay,CA,2
YAX,Wapekeka Airport,Angling Lake,CA,2
YBB,Kugaaruk Airport,Kugaaruk,CA,2
YBE,Uranium City Airport,Uranium City,CA,2
YBF,Bamfield Seaplane Base,Bamfield,CA,2
YBI,Black Tickle Airport,Black Tickle,CA,2
YBQ,Telegraph Harbour Seaplane Base,Thetis Island,CA,2
YBT,Brochet Airport,Brochet,CA,2
YBV,Berens River Airport,Berens River,CA,2
YBW,Bedwell Harbour Seaplane Base,Bedwell Harbour,CA,2
YCK,Tommy Kochon Airport,Colville Lake,CA,2
YCO,Kugluktuk Airport,Kugluktuk,CA,2
YCR,Cross Lake (Charlie Sinclair Memorial) Airport,Cross Lake,CA,2
YCS,Chesterfield Inlet Airport,Chesterfield Inlet,CA,2
YCY,Clyde River Airport,Clyde River,CA,2
YDL,Dease Lake Airport,Dease Lake,CA,2
YDP,Nain Airport,Nain,CA,2
YDV,Bloodvein River Airport,Bloodvein River,CA,2
YEK,Arviat Airport,Arviat,CA,2
YER,Fort Severn Airport,Fort Severn,CA,2
YFA,Fort Albany Airport,Fort Albany,CA,2
YFH,Fort Hope Airport,Fort Hope,CA,2
YFJ,Wekweètì Airport,Wekweètì,CA,2
YFO,Flin Flon Airport,Flin Flon,CA,2
YFX,St. Lewis (Fox Harbour) Airport,St. Lewis,CA,2
YGG,Ganges Seaplane Base,Salt Spring Island,CA,2
YGH,Fort Good Hope Airport,Fort Good Hope,CA,2
YGN,Greenway Sound Seaplane Base,Broughton Island,CA,2
YGO,Gods Lake Narrows Airport,Gods Lake Narrows,CA,2
YGT,Igloolik Airport,Igloolik,CA,2
YGX,Gillam Airport,Gillam,CA,2
YGZ,Grise Fiord Airport,Grise Fiord,CA,2
YHA,Port Hope Simpson Airport,Port Hope Simpson,CA,2
YHG,Charlottetown Airport,Charlottetown,CA,2
YHH,Campbell River Seaplane Base,Campbell River,CA,2
YHI,Ulukhaktok Holman Airport,Ulukhaktok,CA,2
YHK,Gjoa Haven Airport,Gjoa Haven,CA,2
YHO,Hopedale Airport,Hopedale,CA,2
YHP,Poplar Hill Airport,Poplar Hill,CA,2
YHR,Chevery Airport,Chevery,CA,2
YIG,Big Bay Seaplane Base,Stuart Island,CA,2
YIK,Ivujivik Airport,Ivujivik,CA,2
YIO,Pond Inlet Airport,Pond Inlet,CA,2
YKG,Kangirsuk Airport,Kangirsuk,CA,2
YKQ,Waskaganish Airport,Waskaganish,CA,2
YKU,Chisasibi Airport,Chisasibi,CA,2
YLC,Kimmirut Airport,Kimmirut,CA,2
YLE,Whatì Airport,Whatì,CA,2
YLH,Lansdowne House Airport,Lansdowne House,CA,2
YMF,Montague Harbour Seaplane Base,Galiano Island,CA,2
YMH,Mary's Harbour Airport,Mary's Harbour,CA,2
YMN,Makkovik Airport,Makkovik,CA,2
YMP,Port McNeill Airport,Port McNeill,CA,2
YNC,Wemindji Airport,Wemindji,CA,2
YNE,Norway House Airport,Norway House,CA,2
YNO,North Spirit Lake Airport,North Spirit Lake,CA,2
YNP,Natuashish Airport,Natuashish,CA,2
YNS,Nemiscau Airport,Nemiscau,CA,2
YOC,Old Crow Airport,Old Crow,CA,2
YOG,Ogoki Post Airport,Ogoki Post,CA,2
YOH,Oxford House Airport,Oxford House,CA,2
YON,Yongphulla Airport,Yongphulla,BT,2
YPC,Paulatuk (Nora Aliqatchialuk Ruben) Airport,Paulatuk,CA,2
YPH,Inukjuak Airport,Inukjuak,CA,2
YPJ,Aupaluk Airport,Aupaluk,CA,2
YPM,Pikangikum Airport,Pikangikum,CA,2
YPO,Peawanuck Airport,Peawanuck,CA,2
YQC,Quaqtaq Airport,Quaqtaq,CA,2
YRA,Rae Lakes Airport,Gamètì,CA,2
YRF,Cartwright Airport,Cartwright,CA,2
YRG,Rigolet Airport,Rigolet,CA,2
YRS,Red Sucker Lake Airport,Red Sucker Lake,CA,2
YSG,Lutselk'e Airport,Lutselk'e,CA,2
YSK,Sanikiluaq Airport,Sanikiluaq,CA,2
YSO,Postville Airport,Postville,CA,2
YST,St. Theresa Point Airport,St. Theresa Point,CA,2
YSY,Sachs Harbour (David Nasogaluak Jr. Saaryuaq) Airport,Sachs Harbour,CA,2
YTE,Cape Dorset Airport,Kinngait,CA,2
YTG,Sullivan Bay Seaplane Base,Sullivan Bay,CA,2
YTL,Big Trout Lake Airport,Big Trout Lake,CA,2
YTP,Tofino Harbour Seaplane Base,Tofino,CA,2
YTQ,Tasiujaq Airport,Tasiujaq,CA,2
YTW,Yutian Wanfang Airport,Hotan (Yutian),CN,2
YUD,Umiujaq Airport,Umiujaq,CA,2
YUT,Naujaat Airport,Repulse Bay,CA,2
YVM,Qikiqtarjuaq Airport,Qikiqtarjuaq,CA,2
YVZ,Deer Lake Airport,Deer Lake,CA,2
YWB,Kangiqsujuaq (Wakeham Bay) Airport,Kangiqsujuaq,CA,2
YWH,Victoria Harbour Seaplane Base,Victoria,CA,2
YWJ,Déline Airport,Déline,CA,2
YWM,Williams Harbour Airport,Williams Harbour,CA,2
YWP,Webequie Airport,Webequie,CA,2
YWS,Whistler/Green Lake Water Aerodrome,Whistler,CA,2
YXN,Whale Cove Airport,Whale Cove,CA,2
YXP,Pangnirtung Airport,Pangnirtung,CA,2
YYH,Taloyoak Airport,Taloyoak,CA,2
YZG,Salluit Airport,Salluit,CA,2
YZZ,Trail Regional Airport,Trail,CA,2
ZDY,Delma Airport,Delma Island,AE,2
ZEM,Eastmain River Airport,Eastmain River,CA,2
ZFD,Fond-du-Lac Airport,Fond-du-Lac,CA,2
ZFL,Zhaosu Tianma Airport,Zhaosu,CN,2
ZFM,Fort Mcpherson Airport,Fort Mcpherson,CA,2
ZFN,Tulita Airport,Tulita,CA,2
ZGI,Gods River Airport,Gods River,CA,2
ZGS,La Romaine Airport,Le Golfe-du-Saint-Laurent,CA,2
ZKE,Kashechewan Airport,Kashechewan,CA,2
ZLT,La Tabatière Airport,La Tabatière,CA,2
ZNA,Nanaimo Harbour Water Aerodrome,Nanaimo,CA,2
ZPB,Sachigo Lake Airport,Sachigo Lake,CA,2
ZPC,Pucón Airport,Pucon,CL,2
ZRJ,Round Lake (Weagamow Lake) Airport,Round Lake,CA,2
ZTB,Tête-à-la-Baleine Airport,Tête-à-la-Baleine,CA,2
ZTM,Shamattawa Airport,Shamattawa,CA,2
ZUM,Churchill Falls Airport,Churchill Falls,CA,2
ZWL,Wollaston Lake Airport,Wollaston Lake,CA,2
